face_x;face_y;landmark_x_1;landmark_y_1;landmark_x_2;landmark_y_2;landmark_x_3;landmark_y_3;landmark_x_4;landmark_y_4;landmark_x_5;landmark_y_5;landmark_x_6;landmark_y_6;landmark_x_7;landmark_y_7;landmark_x_8;landmark_y_8;landmark_x_9;landmark_y_9;landmark_x_10;landmark_y_10;landmark_x_11;landmark_y_11;landmark_x_12;landmark_y_12;landmark_x_13;landmark_y_13;landmark_x_14;landmark_y_14;landmark_x_15;landmark_y_15;landmark_x_16;landmark_y_16;landmark_x_17;landmark_y_17;landmark_x_18;landmark_y_18;landmark_x_19;landmark_y_19;landmark_x_20;landmark_y_20;landmark_x_21;landmark_y_21;landmark_x_22;landmark_y_22;landmark_x_23;landmark_y_23;landmark_x_24;landmark_y_24;landmark_x_25;landmark_y_25;landmark_x_26;landmark_y_26;landmark_x_27;landmark_y_27;landmark_x_28;landmark_y_28;landmark_x_29;landmark_y_29;landmark_x_30;landmark_y_30;landmark_x_31;landmark_y_31;landmark_x_32;landmark_y_32;landmark_x_33;landmark_y_33;landmark_x_34;landmark_y_34;landmark_x_35;landmark_y_35;landmark_x_36;landmark_y_36;landmark_x_37;landmark_y_37;landmark_x_38;landmark_y_38;landmark_x_39;landmark_y_39;landmark_x_40;landmark_y_40;landmark_x_41;landmark_y_41;landmark_x_42;landmark_y_42
0.533748;0.31707;0.22636;0.540048;0.280872;0.521472;0.320059;0.467407;0.350736;0.420784;0.377949;0.377337;0.294582;0.359146;0.316681;0.27264;0.319399;0.232507;0.320232;0.202954;0.258041;0.349539;0.260162;0.276381;0.257548;0.233983;0.258324;0.201218;0.223279;0.36231;0.21489;0.302449;0.211567;0.255917;0.211556;0.229462;0.192198;0.393611;0.178402;0.344294;0.169736;0.319132;0.1666;0.300347
0.519348;0.316108;0.233115;0.561405;0.294002;0.537065;0.330405;0.482979;0.349071;0.427368;0.3672;0.373953;0.304675;0.363333;0.320593;0.288133;0.319395;0.248036;0.320338;0.215002;0.266096;0.353397;0.263248;0.293384;0.252547;0.258869;0.245715;0.237262;0.229983;0.360452;0.219719;0.310813;0.207014;0.279504;0.199411;0.266054;0.197729;0.385041;0.18439;0.346328;0.174791;0.324801;0.172498;0.310646
0.513507;0.313525;0.179723;0.630395;0.254472;0.593189;0.298537;0.514533;0.323193;0.440356;0.334487;0.377715;0.253601;0.386626;0.268241;0.281905;0.268983;0.242022;0.265429;0.221267;0.209906;0.37002;0.209956;0.273946;0.212998;0.243027;0.216333;0.241979;0.166897;0.380707;0.159667;0.294006;0.159467;0.262464;0.159019;0.259889;0.126791;0.4124;0.111355;0.343932;0.109114;0.318406;0.114062;0.311682
