face_x;face_y;landmark_x_1;landmark_y_1;landmark_x_2;landmark_y_2;landmark_x_3;landmark_y_3;landmark_x_4;landmark_y_4;landmark_x_5;landmark_y_5;landmark_x_6;landmark_y_6;landmark_x_7;landmark_y_7;landmark_x_8;landmark_y_8;landmark_x_9;landmark_y_9;landmark_x_10;landmark_y_10;landmark_x_11;landmark_y_11;landmark_x_12;landmark_y_12;landmark_x_13;landmark_y_13;landmark_x_14;landmark_y_14;landmark_x_15;landmark_y_15;landmark_x_16;landmark_y_16;landmark_x_17;landmark_y_17;landmark_x_18;landmark_y_18;landmark_x_19;landmark_y_19;landmark_x_20;landmark_y_20;landmark_x_21;landmark_y_21;landmark_x_22;landmark_y_22;landmark_x_23;landmark_y_23;landmark_x_24;landmark_y_24;landmark_x_25;landmark_y_25;landmark_x_26;landmark_y_26;landmark_x_27;landmark_y_27;landmark_x_28;landmark_y_28;landmark_x_29;landmark_y_29;landmark_x_30;landmark_y_30;landmark_x_31;landmark_y_31;landmark_x_32;landmark_y_32;landmark_x_33;landmark_y_33;landmark_x_34;landmark_y_34;landmark_x_35;landmark_y_35;landmark_x_36;landmark_y_36;landmark_x_37;landmark_y_37;landmark_x_38;landmark_y_38;landmark_x_39;landmark_y_39;landmark_x_40;landmark_y_40;landmark_x_41;landmark_y_41;landmark_x_42;landmark_y_42
0.532634;0.3151;0.228829;0.546558;0.281726;0.526494;0.320323;0.468526;0.347863;0.419386;0.375413;0.371005;0.29068;0.356839;0.309454;0.267348;0.311963;0.223721;0.312931;0.193829;0.254947;0.351146;0.25403;0.276993;0.24941;0.240992;0.248956;0.219616;0.219767;0.364467;0.215663;0.309425;0.208728;0.262213;0.206696;0.235608;0.188846;0.392464;0.174568;0.34612;0.165066;0.320467;0.162865;0.300865
0.52036;0.31806;0.233992;0.565193;0.297223;0.539843;0.333396;0.482277;0.352934;0.425615;0.37359;0.374666;0.303875;0.352433;0.316339;0.278054;0.315698;0.24473;0.319548;0.222728;0.267066;0.34495;0.258163;0.285856;0.249037;0.257233;0.248067;0.242071;0.231086;0.35588;0.21458;0.309109;0.204233;0.280061;0.201634;0.269332;0.198805;0.386416;0.180835;0.34776;0.173071;0.328857;0.173328;0.320035
0.515393;0.315618;0.178403;0.624781;0.250321;0.588474;0.292716;0.508687;0.316681;0.435252;0.329126;0.37094;0.253245;0.378329;0.266277;0.273521;0.26563;0.235799;0.261408;0.219218;0.209784;0.364698;0.20376;0.26703;0.202168;0.242751;0.20337;0.249166;0.166615;0.379116;0.154941;0.290565;0.152398;0.268825;0.149857;0.276045;0.127022;0.412939;0.108966;0.345495;0.106769;0.328655;0.111138;0.329958
