face_x;face_y;landmark_x_1;landmark_y_1;landmark_x_2;landmark_y_2;landmark_x_3;landmark_y_3;landmark_x_4;landmark_y_4;landmark_x_5;landmark_y_5;landmark_x_6;landmark_y_6;landmark_x_7;landmark_y_7;landmark_x_8;landmark_y_8;landmark_x_9;landmark_y_9;landmark_x_10;landmark_y_10;landmark_x_11;landmark_y_11;landmark_x_12;landmark_y_12;landmark_x_13;landmark_y_13;landmark_x_14;landmark_y_14;landmark_x_15;landmark_y_15;landmark_x_16;landmark_y_16;landmark_x_17;landmark_y_17;landmark_x_18;landmark_y_18;landmark_x_19;landmark_y_19;landmark_x_20;landmark_y_20;landmark_x_21;landmark_y_21;landmark_x_22;landmark_y_22;landmark_x_23;landmark_y_23;landmark_x_24;landmark_y_24;landmark_x_25;landmark_y_25;landmark_x_26;landmark_y_26;landmark_x_27;landmark_y_27;landmark_x_28;landmark_y_28;landmark_x_29;landmark_y_29;landmark_x_30;landmark_y_30;landmark_x_31;landmark_y_31;landmark_x_32;landmark_y_32;landmark_x_33;landmark_y_33;landmark_x_34;landmark_y_34;landmark_x_35;landmark_y_35;landmark_x_36;landmark_y_36;landmark_x_37;landmark_y_37;landmark_x_38;landmark_y_38;landmark_x_39;landmark_y_39;landmark_x_40;landmark_y_40;landmark_x_41;landmark_y_41;landmark_x_42;landmark_y_42
0.45072;0.368736;0.223509;0.727733;0.259286;0.674645;0.268942;0.606446;0.271913;0.541609;0.27125;0.493954;0.209143;0.542731;0.195354;0.473295;0.182563;0.430367;0.167438;0.390464;0.179659;0.554813;0.154583;0.490778;0.134864;0.447906;0.117023;0.411425;0.157162;0.580658;0.114287;0.538871;0.089787;0.506629;0.073804;0.477235;0.145055;0.618828;0.11065;0.589784;0.0987991;0.56887;0.0916261;0.545055
0.448335;0.368293;0.237819;0.738893;0.28387;0.692171;0.296745;0.632557;0.3023;0.580639;0.295036;0.560505;0.268907;0.578955;0.282148;0.512631;0.286551;0.470508;0.283503;0.43182;0.235351;0.563026;0.253279;0.482481;0.25741;0.436473;0.253563;0.400693;0.203878;0.563685;0.201614;0.494447;0.201888;0.445895;0.202825;0.412765;0.175034;0.582759;0.153364;0.528877;0.149405;0.497453;0.148499;0.473801
0.450509;0.364538;0.23037;0.765292;0.279062;0.725059;0.298125;0.661738;0.308551;0.605357;0.326477;0.56038;0.259879;0.581456;0.267193;0.527483;0.269179;0.486174;0.269023;0.443718;0.223869;0.574716;0.227605;0.514907;0.227073;0.471468;0.22603;0.435946;0.18999;0.583153;0.173369;0.537251;0.163712;0.491632;0.157108;0.452;0.163321;0.605513;0.135187;0.575086;0.123587;0.541839;0.116158;0.504502
