face_x;face_y;landmark_x_1;landmark_y_1;landmark_x_2;landmark_y_2;landmark_x_3;landmark_y_3;landmark_x_4;landmark_y_4;landmark_x_5;landmark_y_5;landmark_x_6;landmark_y_6;landmark_x_7;landmark_y_7;landmark_x_8;landmark_y_8;landmark_x_9;landmark_y_9;landmark_x_10;landmark_y_10;landmark_x_11;landmark_y_11;landmark_x_12;landmark_y_12;landmark_x_13;landmark_y_13;landmark_x_14;landmark_y_14;landmark_x_15;landmark_y_15;landmark_x_16;landmark_y_16;landmark_x_17;landmark_y_17;landmark_x_18;landmark_y_18;landmark_x_19;landmark_y_19;landmark_x_20;landmark_y_20;landmark_x_21;landmark_y_21;landmark_x_22;landmark_y_22;landmark_x_23;landmark_y_23;landmark_x_24;landmark_y_24;landmark_x_25;landmark_y_25;landmark_x_26;landmark_y_26;landmark_x_27;landmark_y_27;landmark_x_28;landmark_y_28;landmark_x_29;landmark_y_29;landmark_x_30;landmark_y_30;landmark_x_31;landmark_y_31;landmark_x_32;landmark_y_32;landmark_x_33;landmark_y_33;landmark_x_34;landmark_y_34;landmark_x_35;landmark_y_35;landmark_x_36;landmark_y_36;landmark_x_37;landmark_y_37;landmark_x_38;landmark_y_38;landmark_x_39;landmark_y_39;landmark_x_40;landmark_y_40;landmark_x_41;landmark_y_41;landmark_x_42;landmark_y_42
0.450452;0.369658;0.223096;0.729311;0.25783;0.67573;0.268236;0.607331;0.270603;0.542386;0.270475;0.492426;0.21059;0.545891;0.199282;0.472503;0.187402;0.426611;0.173116;0.385077;0.180568;0.556997;0.159517;0.489561;0.1406;0.443738;0.122045;0.40488;0.157873;0.581769;0.115624;0.53616;0.0895249;0.501198;0.0715391;0.469753;0.145947;0.618492;0.110427;0.58726;0.0960022;0.565173;0.0860396;0.539627
0.448619;0.368599;0.239854;0.742955;0.287687;0.689141;0.297861;0.628819;0.302938;0.575191;0.299342;0.552221;0.273033;0.578622;0.284396;0.51107;0.288573;0.466427;0.286267;0.425438;0.238808;0.563255;0.256769;0.483891;0.261793;0.436856;0.259202;0.399079;0.207606;0.56495;0.206115;0.49535;0.207042;0.445052;0.209194;0.407694;0.178808;0.584512;0.158308;0.528685;0.154629;0.495908;0.154173;0.469629
0.450934;0.365345;0.228905;0.761941;0.276608;0.721814;0.296884;0.659947;0.308733;0.605589;0.325996;0.561703;0.258678;0.581896;0.267042;0.528994;0.271305;0.486863;0.272708;0.443392;0.22318;0.573915;0.226526;0.512023;0.226614;0.465744;0.225232;0.429708;0.189263;0.581143;0.173979;0.530736;0.165412;0.483954;0.159814;0.445402;0.161842;0.602792;0.13325;0.569582;0.121279;0.539425;0.114065;0.507613
