face_x;face_y;landmark_x_1;landmark_y_1;landmark_x_2;landmark_y_2;landmark_x_3;landmark_y_3;landmark_x_4;landmark_y_4;landmark_x_5;landmark_y_5;landmark_x_6;landmark_y_6;landmark_x_7;landmark_y_7;landmark_x_8;landmark_y_8;landmark_x_9;landmark_y_9;landmark_x_10;landmark_y_10;landmark_x_11;landmark_y_11;landmark_x_12;landmark_y_12;landmark_x_13;landmark_y_13;landmark_x_14;landmark_y_14;landmark_x_15;landmark_y_15;landmark_x_16;landmark_y_16;landmark_x_17;landmark_y_17;landmark_x_18;landmark_y_18;landmark_x_19;landmark_y_19;landmark_x_20;landmark_y_20;landmark_x_21;landmark_y_21;landmark_x_22;landmark_y_22;landmark_x_23;landmark_y_23;landmark_x_24;landmark_y_24;landmark_x_25;landmark_y_25;landmark_x_26;landmark_y_26;landmark_x_27;landmark_y_27;landmark_x_28;landmark_y_28;landmark_x_29;landmark_y_29;landmark_x_30;landmark_y_30;landmark_x_31;landmark_y_31;landmark_x_32;landmark_y_32;landmark_x_33;landmark_y_33;landmark_x_34;landmark_y_34;landmark_x_35;landmark_y_35;landmark_x_36;landmark_y_36;landmark_x_37;landmark_y_37;landmark_x_38;landmark_y_38;landmark_x_39;landmark_y_39;landmark_x_40;landmark_y_40;landmark_x_41;landmark_y_41;landmark_x_42;landmark_y_42
0.398243;0.263873;0.149478;0.550369;0.177761;0.575085;0.191789;0.605455;0.192272;0.642612;0.188658;0.672782;0.170389;0.608897;0.171926;0.6857;0.172113;0.72494;0.171206;0.744699;0.140076;0.615658;0.142102;0.701275;0.150733;0.738572;0.158143;0.748101;0.117163;0.622846;0.115368;0.70202;0.126456;0.731621;0.138657;0.736954;0.10261;0.624852;0.0967174;0.688441;0.102779;0.713187;0.111861;0.721301
0.399246;0.308778;0.208625;0.506491;0.235763;0.50732;0.256695;0.491706;0.270338;0.471286;0.271113;0.451845;0.257819;0.453247;0.270576;0.417146;0.272373;0.403363;0.271409;0.395153;0.242363;0.439943;0.256617;0.400199;0.26236;0.384925;0.264448;0.372247;0.224647;0.433107;0.238084;0.397073;0.241345;0.385274;0.240294;0.378207;0.206046;0.432453;0.215239;0.402239;0.219725;0.394786;0.222959;0.390946
0.396258;0.307369;0.220395;0.521943;0.250006;0.516234;0.266963;0.490929;0.277221;0.469201;0.277962;0.450311;0.260042;0.437766;0.270671;0.404628;0.273967;0.387286;0.27497;0.372432;0.244595;0.428682;0.249833;0.394367;0.253151;0.375144;0.255617;0.358378;0.22727;0.427764;0.227534;0.394165;0.22891;0.376959;0.231146;0.362709;0.209313;0.435277;0.206929;0.407441;0.208996;0.398696;0.212779;0.391576
