face_x;face_y;landmark_x_1;landmark_y_1;landmark_x_2;landmark_y_2;landmark_x_3;landmark_y_3;landmark_x_4;landmark_y_4;landmark_x_5;landmark_y_5;landmark_x_6;landmark_y_6;landmark_x_7;landmark_y_7;landmark_x_8;landmark_y_8;landmark_x_9;landmark_y_9;landmark_x_10;landmark_y_10;landmark_x_11;landmark_y_11;landmark_x_12;landmark_y_12;landmark_x_13;landmark_y_13;landmark_x_14;landmark_y_14;landmark_x_15;landmark_y_15;landmark_x_16;landmark_y_16;landmark_x_17;landmark_y_17;landmark_x_18;landmark_y_18;landmark_x_19;landmark_y_19;landmark_x_20;landmark_y_20;landmark_x_21;landmark_y_21;landmark_x_22;landmark_y_22;landmark_x_23;landmark_y_23;landmark_x_24;landmark_y_24;landmark_x_25;landmark_y_25;landmark_x_26;landmark_y_26;landmark_x_27;landmark_y_27;landmark_x_28;landmark_y_28;landmark_x_29;landmark_y_29;landmark_x_30;landmark_y_30;landmark_x_31;landmark_y_31;landmark_x_32;landmark_y_32;landmark_x_33;landmark_y_33;landmark_x_34;landmark_y_34;landmark_x_35;landmark_y_35;landmark_x_36;landmark_y_36;landmark_x_37;landmark_y_37;landmark_x_38;landmark_y_38;landmark_x_39;landmark_y_39;landmark_x_40;landmark_y_40;landmark_x_41;landmark_y_41;landmark_x_42;landmark_y_42
0.399186;0.303365;0.209225;0.513638;0.235759;0.502588;0.256851;0.476247;0.272264;0.452137;0.279282;0.427642;0.25084;0.44234;0.262778;0.403833;0.269513;0.387613;0.272365;0.380076;0.236532;0.43599;0.245755;0.393267;0.251701;0.378863;0.252419;0.372417;0.219876;0.434422;0.228549;0.39776;0.23422;0.385094;0.234813;0.381887;0.202999;0.436314;0.205166;0.404581;0.208899;0.393787;0.212197;0.390143
0.399373;0.310965;0.210644;0.511204;0.238963;0.510172;0.257387;0.494348;0.270835;0.473418;0.275096;0.454062;0.258726;0.459299;0.272045;0.424295;0.274883;0.406945;0.275515;0.395593;0.242528;0.447054;0.25759;0.405459;0.264184;0.385787;0.267778;0.370405;0.22366;0.440216;0.237234;0.400554;0.241826;0.384414;0.24277;0.374309;0.204273;0.43804;0.214004;0.40577;0.21987;0.39562;0.224521;0.389579
0.396909;0.309634;0.219334;0.522871;0.249859;0.516706;0.267425;0.491918;0.278243;0.471867;0.281825;0.454181;0.25915;0.441218;0.269137;0.41053;0.272841;0.393654;0.275427;0.3788;0.244318;0.431382;0.249713;0.399738;0.252646;0.377398;0.256544;0.356504;0.227654;0.430071;0.227339;0.399059;0.227021;0.375272;0.228673;0.354694;0.211069;0.438211;0.207663;0.412804;0.207808;0.401489;0.209214;0.391576
