face_x;face_y;landmark_x_1;landmark_y_1;landmark_x_2;landmark_y_2;landmark_x_3;landmark_y_3;landmark_x_4;landmark_y_4;landmark_x_5;landmark_y_5;landmark_x_6;landmark_y_6;landmark_x_7;landmark_y_7;landmark_x_8;landmark_y_8;landmark_x_9;landmark_y_9;landmark_x_10;landmark_y_10;landmark_x_11;landmark_y_11;landmark_x_12;landmark_y_12;landmark_x_13;landmark_y_13;landmark_x_14;landmark_y_14;landmark_x_15;landmark_y_15;landmark_x_16;landmark_y_16;landmark_x_17;landmark_y_17;landmark_x_18;landmark_y_18;landmark_x_19;landmark_y_19;landmark_x_20;landmark_y_20;landmark_x_21;landmark_y_21;landmark_x_22;landmark_y_22;landmark_x_23;landmark_y_23;landmark_x_24;landmark_y_24;landmark_x_25;landmark_y_25;landmark_x_26;landmark_y_26;landmark_x_27;landmark_y_27;landmark_x_28;landmark_y_28;landmark_x_29;landmark_y_29;landmark_x_30;landmark_y_30;landmark_x_31;landmark_y_31;landmark_x_32;landmark_y_32;landmark_x_33;landmark_y_33;landmark_x_34;landmark_y_34;landmark_x_35;landmark_y_35;landmark_x_36;landmark_y_36;landmark_x_37;landmark_y_37;landmark_x_38;landmark_y_38;landmark_x_39;landmark_y_39;landmark_x_40;landmark_y_40;landmark_x_41;landmark_y_41;landmark_x_42;landmark_y_42
0.494141;0.328071;0.328059;0.552666;0.391212;0.557569;0.427337;0.50614;0.446204;0.454944;0.439757;0.422414;0.415602;0.431509;0.436512;0.339738;0.438954;0.309658;0.435069;0.300646;0.374445;0.407812;0.393745;0.302199;0.400778;0.274573;0.40087;0.272909;0.335086;0.401006;0.351905;0.310573;0.36559;0.281488;0.370562;0.278358;0.297105;0.413461;0.30711;0.347218;0.319424;0.325834;0.328449;0.32426
0.492585;0.322505;0.262924;0.576149;0.31902;0.53607;0.348213;0.472694;0.367402;0.419853;0.385309;0.373046;0.333528;0.379886;0.348644;0.306658;0.351243;0.263703;0.351108;0.225824;0.293556;0.370637;0.30056;0.296786;0.302112;0.252875;0.300408;0.221504;0.256646;0.376066;0.263937;0.310838;0.267841;0.27081;0.268857;0.239556;0.222692;0.40018;0.21635;0.345907;0.216844;0.322117;0.220441;0.298582
0.492173;0.322929;0.245017;0.687809;0.319471;0.653119;0.371593;0.575912;0.411594;0.520392;0.426183;0.483381;0.35179;0.446891;0.354186;0.337001;0.349531;0.329985;0.344003;0.349411;0.298844;0.411455;0.302055;0.304696;0.297009;0.304827;0.294621;0.333241;0.246697;0.41379;0.253618;0.319741;0.249521;0.328803;0.247454;0.366232;0.198964;0.444801;0.199585;0.372115;0.205753;0.383601;0.214618;0.418512
