face_x;face_y;landmark_x_1;landmark_y_1;landmark_x_2;landmark_y_2;landmark_x_3;landmark_y_3;landmark_x_4;landmark_y_4;landmark_x_5;landmark_y_5;landmark_x_6;landmark_y_6;landmark_x_7;landmark_y_7;landmark_x_8;landmark_y_8;landmark_x_9;landmark_y_9;landmark_x_10;landmark_y_10;landmark_x_11;landmark_y_11;landmark_x_12;landmark_y_12;landmark_x_13;landmark_y_13;landmark_x_14;landmark_y_14;landmark_x_15;landmark_y_15;landmark_x_16;landmark_y_16;landmark_x_17;landmark_y_17;landmark_x_18;landmark_y_18;landmark_x_19;landmark_y_19;landmark_x_20;landmark_y_20;landmark_x_21;landmark_y_21;landmark_x_22;landmark_y_22;landmark_x_23;landmark_y_23;landmark_x_24;landmark_y_24;landmark_x_25;landmark_y_25;landmark_x_26;landmark_y_26;landmark_x_27;landmark_y_27;landmark_x_28;landmark_y_28;landmark_x_29;landmark_y_29;landmark_x_30;landmark_y_30;landmark_x_31;landmark_y_31;landmark_x_32;landmark_y_32;landmark_x_33;landmark_y_33;landmark_x_34;landmark_y_34;landmark_x_35;landmark_y_35;landmark_x_36;landmark_y_36;landmark_x_37;landmark_y_37;landmark_x_38;landmark_y_38;landmark_x_39;landmark_y_39;landmark_x_40;landmark_y_40;landmark_x_41;landmark_y_41;landmark_x_42;landmark_y_42
0.494599;0.326737;0.325996;0.556585;0.386151;0.560455;0.423313;0.515231;0.445129;0.469804;0.444453;0.436446;0.412848;0.442979;0.437567;0.359108;0.44068;0.324333;0.438404;0.310095;0.374514;0.415611;0.395054;0.314486;0.40186;0.280183;0.403268;0.270458;0.336752;0.40665;0.354149;0.320311;0.365905;0.287093;0.371049;0.278783;0.298695;0.418888;0.306195;0.352048;0.315388;0.32684;0.323054;0.320541
0.492768;0.321909;0.268536;0.570894;0.32074;0.534952;0.348104;0.46488;0.366463;0.412447;0.384446;0.370784;0.334647;0.37942;0.346604;0.305347;0.348322;0.265459;0.348613;0.229011;0.296076;0.370248;0.300927;0.299072;0.302449;0.256987;0.301849;0.221058;0.258107;0.375752;0.262098;0.310917;0.26563;0.27255;0.267976;0.240121;0.223302;0.397729;0.218318;0.346009;0.221236;0.322435;0.22848;0.29536
0.491944;0.321637;0.248263;0.691911;0.319792;0.651364;0.37045;0.575354;0.409457;0.519033;0.42765;0.480793;0.350001;0.458311;0.352866;0.34745;0.349961;0.326307;0.344537;0.331297;0.298696;0.423367;0.303556;0.318715;0.300822;0.307864;0.300189;0.323187;0.248854;0.423508;0.258692;0.327708;0.255556;0.321711;0.252569;0.343663;0.204054;0.449156;0.204203;0.370061;0.208366;0.371121;0.215365;0.396587
