face_x;face_y;landmark_x_1;landmark_y_1;landmark_x_2;landmark_y_2;landmark_x_3;landmark_y_3;landmark_x_4;landmark_y_4;landmark_x_5;landmark_y_5;landmark_x_6;landmark_y_6;landmark_x_7;landmark_y_7;landmark_x_8;landmark_y_8;landmark_x_9;landmark_y_9;landmark_x_10;landmark_y_10;landmark_x_11;landmark_y_11;landmark_x_12;landmark_y_12;landmark_x_13;landmark_y_13;landmark_x_14;landmark_y_14;landmark_x_15;landmark_y_15;landmark_x_16;landmark_y_16;landmark_x_17;landmark_y_17;landmark_x_18;landmark_y_18;landmark_x_19;landmark_y_19;landmark_x_20;landmark_y_20;landmark_x_21;landmark_y_21;landmark_x_22;landmark_y_22;landmark_x_23;landmark_y_23;landmark_x_24;landmark_y_24;landmark_x_25;landmark_y_25;landmark_x_26;landmark_y_26;landmark_x_27;landmark_y_27;landmark_x_28;landmark_y_28;landmark_x_29;landmark_y_29;landmark_x_30;landmark_y_30;landmark_x_31;landmark_y_31;landmark_x_32;landmark_y_32;landmark_x_33;landmark_y_33;landmark_x_34;landmark_y_34;landmark_x_35;landmark_y_35;landmark_x_36;landmark_y_36;landmark_x_37;landmark_y_37;landmark_x_38;landmark_y_38;landmark_x_39;landmark_y_39;landmark_x_40;landmark_y_40;landmark_x_41;landmark_y_41;landmark_x_42;landmark_y_42
0.466216;0.233096;0.42501;0.636535;0.420913;0.589251;0.442882;0.551336;0.468499;0.53621;0.485469;0.531188;0.475837;0.548658;0.503795;0.516754;0.515265;0.50233;0.521415;0.491538;0.488054;0.579253;0.498518;0.550284;0.478029;0.552758;0.462891;0.558414;0.495727;0.606027;0.499028;0.578231;0.481268;0.577792;0.469834;0.58243;0.501524;0.627116;0.499169;0.606135;0.48521;0.605521;0.476358;0.609865
0.470883;0.232286;0.424434;0.621201;0.419526;0.584555;0.443074;0.546902;0.467618;0.532975;0.482862;0.522189;0.482129;0.541365;0.504872;0.51842;0.51338;0.508963;0.515597;0.503712;0.492836;0.573138;0.498673;0.547881;0.482294;0.54709;0.468007;0.551227;0.497411;0.599063;0.500077;0.57545;0.488181;0.570384;0.477218;0.571409;0.498712;0.620582;0.497476;0.602226;0.4876;0.597619;0.477697;0.597682
0.470718;0.230817;0.421968;0.607675;0.427908;0.559983;0.453729;0.533991;0.476792;0.536855;0.488033;0.544475;0.491448;0.529446;0.511427;0.538754;0.512834;0.54669;0.510798;0.549665;0.497763;0.562184;0.506853;0.567957;0.497012;0.576279;0.485725;0.580889;0.499315;0.590929;0.502518;0.595339;0.492415;0.599188;0.481553;0.600319;0.500157;0.614219;0.499834;0.618458;0.488609;0.61856;0.477134;0.617709
