face_x;face_y;landmark_x_1;landmark_y_1;landmark_x_2;landmark_y_2;landmark_x_3;landmark_y_3;landmark_x_4;landmark_y_4;landmark_x_5;landmark_y_5;landmark_x_6;landmark_y_6;landmark_x_7;landmark_y_7;landmark_x_8;landmark_y_8;landmark_x_9;landmark_y_9;landmark_x_10;landmark_y_10;landmark_x_11;landmark_y_11;landmark_x_12;landmark_y_12;landmark_x_13;landmark_y_13;landmark_x_14;landmark_y_14;landmark_x_15;landmark_y_15;landmark_x_16;landmark_y_16;landmark_x_17;landmark_y_17;landmark_x_18;landmark_y_18;landmark_x_19;landmark_y_19;landmark_x_20;landmark_y_20;landmark_x_21;landmark_y_21;landmark_x_22;landmark_y_22;landmark_x_23;landmark_y_23;landmark_x_24;landmark_y_24;landmark_x_25;landmark_y_25;landmark_x_26;landmark_y_26;landmark_x_27;landmark_y_27;landmark_x_28;landmark_y_28;landmark_x_29;landmark_y_29;landmark_x_30;landmark_y_30;landmark_x_31;landmark_y_31;landmark_x_32;landmark_y_32;landmark_x_33;landmark_y_33;landmark_x_34;landmark_y_34;landmark_x_35;landmark_y_35;landmark_x_36;landmark_y_36;landmark_x_37;landmark_y_37;landmark_x_38;landmark_y_38;landmark_x_39;landmark_y_39;landmark_x_40;landmark_y_40;landmark_x_41;landmark_y_41;landmark_x_42;landmark_y_42
0.466259;0.191012;0.410443;0.626174;0.412713;0.577649;0.432221;0.538412;0.45742;0.520585;0.474715;0.511559;0.463847;0.528761;0.495316;0.503653;0.506906;0.49359;0.511642;0.486454;0.477385;0.557311;0.498279;0.532501;0.49225;0.524481;0.47989;0.523618;0.483226;0.585876;0.4982;0.561428;0.489512;0.553748;0.477843;0.554303;0.484905;0.6138;0.494337;0.589705;0.486666;0.580292;0.47551;0.579793
0.465887;0.192398;0.410083;0.609712;0.416059;0.564571;0.438887;0.530095;0.4636;0.514468;0.48309;0.509821;0.471053;0.511891;0.502982;0.501502;0.512261;0.502774;0.513308;0.502921;0.481996;0.541739;0.503452;0.529008;0.496243;0.534176;0.483133;0.541808;0.487435;0.571522;0.500129;0.560749;0.490207;0.563882;0.479574;0.567802;0.490262;0.596908;0.494811;0.58651;0.483804;0.586379;0.472282;0.588791
0.46952;0.201382;0.417565;0.600087;0.419627;0.555503;0.441626;0.524682;0.465159;0.520704;0.478465;0.526786;0.474314;0.502892;0.502243;0.504214;0.508781;0.506373;0.509955;0.506019;0.486655;0.535105;0.503885;0.533241;0.495447;0.542627;0.484077;0.549452;0.491892;0.564875;0.501142;0.561985;0.492916;0.56634;0.484316;0.568557;0.494591;0.590316;0.498274;0.584828;0.48764;0.586212;0.476897;0.588491
