face_x;face_y;landmark_x_1;landmark_y_1;landmark_x_2;landmark_y_2;landmark_x_3;landmark_y_3;landmark_x_4;landmark_y_4;landmark_x_5;landmark_y_5;landmark_x_6;landmark_y_6;landmark_x_7;landmark_y_7;landmark_x_8;landmark_y_8;landmark_x_9;landmark_y_9;landmark_x_10;landmark_y_10;landmark_x_11;landmark_y_11;landmark_x_12;landmark_y_12;landmark_x_13;landmark_y_13;landmark_x_14;landmark_y_14;landmark_x_15;landmark_y_15;landmark_x_16;landmark_y_16;landmark_x_17;landmark_y_17;landmark_x_18;landmark_y_18;landmark_x_19;landmark_y_19;landmark_x_20;landmark_y_20;landmark_x_21;landmark_y_21;landmark_x_22;landmark_y_22;landmark_x_23;landmark_y_23;landmark_x_24;landmark_y_24;landmark_x_25;landmark_y_25;landmark_x_26;landmark_y_26;landmark_x_27;landmark_y_27;landmark_x_28;landmark_y_28;landmark_x_29;landmark_y_29;landmark_x_30;landmark_y_30;landmark_x_31;landmark_y_31;landmark_x_32;landmark_y_32;landmark_x_33;landmark_y_33;landmark_x_34;landmark_y_34;landmark_x_35;landmark_y_35;landmark_x_36;landmark_y_36;landmark_x_37;landmark_y_37;landmark_x_38;landmark_y_38;landmark_x_39;landmark_y_39;landmark_x_40;landmark_y_40;landmark_x_41;landmark_y_41;landmark_x_42;landmark_y_42
0.465617;0.218572;0.442641;0.662353;0.481569;0.685771;0.510906;0.664741;0.527066;0.636355;0.524768;0.614376;0.510219;0.591128;0.536565;0.551193;0.553307;0.531852;0.564183;0.519045;0.49419;0.574331;0.527275;0.539354;0.552143;0.524386;0.568624;0.518212;0.476576;0.565082;0.504636;0.552852;0.506684;0.57425;0.50254;0.590084;0.461679;0.560471;0.482835;0.558479;0.484956;0.577024;0.483562;0.591866
0.466878;0.222261;0.447536;0.640091;0.443957;0.603509;0.46046;0.572781;0.482675;0.559781;0.494974;0.562734;0.493334;0.557392;0.520876;0.525414;0.537666;0.5069;0.552749;0.494824;0.501098;0.577946;0.5231;0.543173;0.525261;0.526723;0.526862;0.51906;0.503434;0.599045;0.51839;0.57112;0.509825;0.567141;0.501226;0.5699;0.502112;0.618191;0.51012;0.599202;0.503343;0.59748;0.497091;0.603057
0.464302;0.225669;0.446197;0.621405;0.442956;0.575969;0.458462;0.540224;0.479764;0.534492;0.49171;0.539709;0.497008;0.53487;0.525661;0.508709;0.537497;0.496656;0.545595;0.489285;0.510577;0.564457;0.52314;0.542076;0.508527;0.541714;0.496078;0.546678;0.517071;0.591378;0.522493;0.570554;0.509125;0.567473;0.498197;0.571556;0.519415;0.614583;0.519069;0.593908;0.507347;0.592191;0.498797;0.597907
