face_x;face_y;landmark_x_1;landmark_y_1;landmark_x_2;landmark_y_2;landmark_x_3;landmark_y_3;landmark_x_4;landmark_y_4;landmark_x_5;landmark_y_5;landmark_x_6;landmark_y_6;landmark_x_7;landmark_y_7;landmark_x_8;landmark_y_8;landmark_x_9;landmark_y_9;landmark_x_10;landmark_y_10;landmark_x_11;landmark_y_11;landmark_x_12;landmark_y_12;landmark_x_13;landmark_y_13;landmark_x_14;landmark_y_14;landmark_x_15;landmark_y_15;landmark_x_16;landmark_y_16;landmark_x_17;landmark_y_17;landmark_x_18;landmark_y_18;landmark_x_19;landmark_y_19;landmark_x_20;landmark_y_20;landmark_x_21;landmark_y_21;landmark_x_22;landmark_y_22;landmark_x_23;landmark_y_23;landmark_x_24;landmark_y_24;landmark_x_25;landmark_y_25;landmark_x_26;landmark_y_26;landmark_x_27;landmark_y_27;landmark_x_28;landmark_y_28;landmark_x_29;landmark_y_29;landmark_x_30;landmark_y_30;landmark_x_31;landmark_y_31;landmark_x_32;landmark_y_32;landmark_x_33;landmark_y_33;landmark_x_34;landmark_y_34;landmark_x_35;landmark_y_35;landmark_x_36;landmark_y_36;landmark_x_37;landmark_y_37;landmark_x_38;landmark_y_38;landmark_x_39;landmark_y_39;landmark_x_40;landmark_y_40;landmark_x_41;landmark_y_41;landmark_x_42;landmark_y_42
0.441636;0.302273;0.389307;0.287869;0.41787;0.293448;0.43379;0.270857;0.446068;0.251219;0.448145;0.23737;0.435581;0.228531;0.444472;0.192186;0.450895;0.168789;0.454243;0.148578;0.425357;0.219155;0.43857;0.214652;0.438055;0.237979;0.43001;0.252716;0.416346;0.214902;0.430368;0.217044;0.42757;0.241607;0.419105;0.252827;0.406624;0.213522;0.420873;0.210545;0.423013;0.226548;0.419308;0.234948
0.461698;0.295086;0.399633;0.277173;0.430555;0.284444;0.447156;0.268351;0.460023;0.24762;0.461503;0.231122;0.447989;0.233185;0.457093;0.20505;0.462743;0.189253;0.467776;0.175114;0.438237;0.222081;0.449632;0.208402;0.451763;0.225196;0.447402;0.238903;0.428064;0.21551;0.442303;0.208364;0.440301;0.231037;0.433625;0.244875;0.416214;0.212172;0.432242;0.206905;0.4321;0.224253;0.426997;0.23671
0.459275;0.306781;0.400452;0.318512;0.424153;0.32028;0.439837;0.307582;0.452829;0.301659;0.457966;0.296938;0.441141;0.2739;0.457813;0.260646;0.464658;0.257683;0.46765;0.257736;0.436356;0.263643;0.456262;0.263815;0.453928;0.279678;0.446411;0.289882;0.431616;0.260012;0.452007;0.262268;0.446482;0.279438;0.437305;0.288748;0.426227;0.260535;0.441404;0.263989;0.437233;0.276291;0.430143;0.281384
