face_x;face_y;landmark_x_1;landmark_y_1;landmark_x_2;landmark_y_2;landmark_x_3;landmark_y_3;landmark_x_4;landmark_y_4;landmark_x_5;landmark_y_5;landmark_x_6;landmark_y_6;landmark_x_7;landmark_y_7;landmark_x_8;landmark_y_8;landmark_x_9;landmark_y_9;landmark_x_10;landmark_y_10;landmark_x_11;landmark_y_11;landmark_x_12;landmark_y_12
0.456955;0.454752;0.331757;1.02895;0.406892;0.97861;0.432946;0.882281;0.436288;0.759649;0.369086;0.790069;0.44316;0.530039;0.335701;0.790439;0.450183;0.593761;0.316554;0.798923;0.437804;0.749705;0.306909;0.811438;0.416041;0.790563
0.460228;0.467404;0.406102;0.798914;0.435775;0.745882;0.458739;0.665442;0.491664;0.567372;0.443388;0.557005;0.482409;0.370852;0.437607;0.560557;0.463355;0.426134;0.435739;0.587637;0.465008;0.569938;0.436906;0.627842;0.468185;0.620217
0.438199;0.452857;0.589309;0.716633;0.544274;0.640151;0.53093;0.565464;0.555272;0.471203;0.590631;0.460736;0.661398;0.281637;0.634268;0.482098;0.616117;0.478546;0.66543;0.520595;0.62825;0.547212;0.688445;0.561466;0.655958;0.591931
0.441665;0.451928;0.606664;0.797271;0.573515;0.71418;0.580118;0.630856;0.628818;0.552643;0.618548;0.561542;0.673674;0.433619;0.655068;0.587302;0.659447;0.539975;0.678379;0.628684;0.656563;0.609534;0.694545;0.671977;0.664318;0.659077
0.448971;0.426314;0.644762;0.69278;0.595135;0.63218;0.583129;0.569609;0.584243;0.475452;0.653165;0.508724;0.585293;0.490521;0.671968;0.521423;0.596112;0.502668;0.678914;0.540951;0.610803;0.518656;0.681466;0.561252;0.626342;0.530105
0.449289;0.424344;0.629021;0.706035;0.580932;0.645622;0.573862;0.569933;0.584439;0.478631;0.638538;0.507713;0.59;0.487991;0.657954;0.52144;0.596288;0.494048;0.664422;0.542933;0.602924;0.513771;0.666226;0.563682;0.613676;0.529719
0.447857;0.421877;0.632973;0.725854;0.578554;0.662986;0.568895;0.581525;0.575972;0.481394;0.638744;0.506247;0.575149;0.487891;0.658191;0.524597;0.582798;0.500166;0.664089;0.549967;0.588889;0.519635;0.66414;0.572896;0.601562;0.529844
0.419712;0.428332;0.632892;0.779647;0.570486;0.690277;0.551583;0.587611;0.539026;0.470707;0.633579;0.487479;0.544682;0.443492;0.670191;0.506591;0.571763;0.480468;0.689525;0.538065;0.594125;0.516955;0.700094;0.569657;0.624264;0.544241
0.416437;0.427319;0.630761;0.68814;0.567261;0.617766;0.55409;0.550026;0.564402;0.447828;0.637387;0.48503;0.567723;0.47721;0.66753;0.489106;0.58796;0.474323;0.68046;0.50351;0.609916;0.482548;0.68308;0.521525;0.622412;0.502402
