face_x;face_y;landmark_x_1;landmark_y_1;landmark_x_2;landmark_y_2;landmark_x_3;landmark_y_3;landmark_x_4;landmark_y_4;landmark_x_5;landmark_y_5;landmark_x_6;landmark_y_6;landmark_x_7;landmark_y_7;landmark_x_8;landmark_y_8;landmark_x_9;landmark_y_9;landmark_x_10;landmark_y_10;landmark_x_11;landmark_y_11;landmark_x_12;landmark_y_12
0.455679;0.163277;0.744165;0.863962;0.72777;0.895286;0.724666;0.9314;0.740569;0.970279;0.74524;0.966108;0.752306;0.96209;0.762373;0.961181;0.76471;0.949381;0.775486;0.95159;0.774132;0.933627;0.786849;0.937263;0.785993;0.927029
0.455268;0.183625;0.728988;0.703813;0.752904;0.661396;0.748839;0.629869;0.721624;0.588959;0.725139;0.590489;0.713369;0.57014;0.703864;0.598185;0.701175;0.573512;0.688325;0.61511;0.688961;0.588842;0.67741;0.636764;0.680208;0.609386
0.454576;0.205479;0.227069;0.623827;0.210509;0.556258;0.195965;0.506967;0.186474;0.449605;0.173182;0.498676;0.225746;0.389066;0.180786;0.517694;0.235898;0.39662;0.194449;0.534788;0.242998;0.410172;0.213007;0.551272;0.244835;0.443339
0.473318;0.161573;0.211831;0.621974;0.229654;0.572637;0.225359;0.533981;0.221229;0.499815;0.174889;0.520052;0.199082;0.51099;0.164015;0.529964;0.193827;0.514376;0.161969;0.539805;0.190898;0.524416;0.164553;0.549794;0.187754;0.53929
0.462947;0.158497;0.175455;0.701495;0.233627;0.70584;0.261142;0.684092;0.287098;0.645745;0.197121;0.603658;0.222302;0.699693;0.163377;0.602332;0.21134;0.718723;0.142386;0.621882;0.196803;0.7384;0.12812;0.64497;0.178853;0.731583
0.459214;0.13164;0.756602;0.883153;0.776513;0.881063;0.781434;0.890353;0.775693;0.904982;0.788571;0.923843;0.789292;0.963043;0.774311;0.938006;0.773179;0.954592;0.757876;0.943293;0.756976;0.950929;0.741268;0.947426;0.743189;0.951412
