face_x;face_y;landmark_x_1;landmark_y_1;landmark_x_2;landmark_y_2;landmark_x_3;landmark_y_3;landmark_x_4;landmark_y_4;landmark_x_5;landmark_y_5;landmark_x_6;landmark_y_6;landmark_x_7;landmark_y_7;landmark_x_8;landmark_y_8;landmark_x_9;landmark_y_9;landmark_x_10;landmark_y_10;landmark_x_11;landmark_y_11;landmark_x_12;landmark_y_12
0.462176;0.385071;3.15685e-40;6.52889e-39;9.87229e-41;6.25461e-39;9.54515e-40;5.98033e-39;2.54557e-39;4.30035e-39;4.67902e-39;7.81459e-39;8.64459e-39;6.61461e-39;5.64329e-39;6.75175e-39;8.1504e-39;5.32034e-39;5.69151e-39;5.55176e-39;6.98122e-39;3.48608e-39;5.31785e-39;4.13749e-39;5.53481e-39;1.14611e-39
0.458469;0.382793;0.324032;0.919956;0.32596;0.877747;0.332501;0.845399;0.360257;0.857366;0.295227;0.858018;0.290636;0.857609;0.292114;0.892711;0.32412;0.894259;0.299776;0.926077;0.354428;0.905177;0.312585;0.956195;0.35355;0.929059
0.45774;0.384395;0.258064;0.941036;0.254684;0.886119;0.273305;0.833862;0.319033;0.803968;0.264106;0.833267;0.369397;0.780454;0.270142;0.872671;0.381503;0.804805;0.282961;0.908438;0.376644;0.832918;0.298835;0.935426;0.356648;0.858311
0.459618;0.366524;0.264049;0.983733;0.277834;0.935786;0.282441;0.898838;0.276466;0.867006;0.253152;0.891107;0.246448;0.883707;0.235059;0.915355;0.227049;0.918125;0.225746;0.945643;0.220743;0.965539;0.222001;0.97296;0.207551;0.997933
0.462029;0.369627;0.277704;0.95061;0.274241;0.923958;0.271221;0.898414;0.258029;0.86292;0.267344;0.909554;0.260315;0.908853;0.259516;0.923231;0.250703;0.917844;0.253854;0.937284;0.250697;0.925313;0.249086;0.950879;0.233844;0.933775
0.46305;0.369877;0.271942;0.91472;0.259664;0.934399;0.249692;0.941316;0.230057;0.949019;0.256336;0.924285;0.243118;0.912092;0.262348;0.909388;0.246611;0.888987;0.267649;0.898034;0.251737;0.874195;0.271875;0.890697;0.265258;0.861681
0.461348;0.36862;0.271102;0.924118;0.257516;0.937236;0.246939;0.93612;0.233484;0.937851;0.243153;0.912837;0.239974;0.895307;0.247763;0.901863;0.243215;0.88015;0.254657;0.894322;0.249516;0.875351;0.261706;0.889727;0.262048;0.866817
