face_x;face_y;landmark_x_1;landmark_y_1;landmark_x_2;landmark_y_2;landmark_x_3;landmark_y_3;landmark_x_4;landmark_y_4;landmark_x_5;landmark_y_5;landmark_x_6;landmark_y_6;landmark_x_7;landmark_y_7;landmark_x_8;landmark_y_8;landmark_x_9;landmark_y_9;landmark_x_10;landmark_y_10;landmark_x_11;landmark_y_11;landmark_x_12;landmark_y_12
0.48397;0.0989554;0.722315;0.866057;0.767749;0.860736;0.792178;0.871222;0.805824;0.930411;0.779049;0.922759;0.788287;0.930844;0.755168;0.940909;0.767819;0.942242;0.732608;0.949383;0.746273;0.951558;0.7124;0.954163;0.726074;0.954957
0.483579;0.105097;0.730418;0.748338;0.705227;0.786888;0.699782;0.824673;0.722094;0.867422;0.712434;0.868866;0.72279;0.881578;0.740048;0.86643;0.745163;0.870469;0.760751;0.854375;0.763815;0.855233;0.776624;0.838357;0.778977;0.841033
0.472145;0.114597;0.74419;0.7575;0.717496;0.758253;0.699598;0.747211;0.677788;0.722643;0.719556;0.739665;0.692602;0.637541;0.739318;0.732669;0.711653;0.593259;0.753794;0.724539;0.726216;0.587933;0.764989;0.71795;0.738626;0.623146
0.463712;0.1633;0.722072;0.758837;0.698189;0.750027;0.684238;0.733007;0.67966;0.698373;0.687228;0.726621;0.677546;0.657994;0.701475;0.720376;0.691079;0.641129;0.716237;0.717267;0.703839;0.639597;0.731218;0.717051;0.720904;0.658817
0.464359;0.179467;0.3305;0.434713;0.311957;0.413524;0.308202;0.380183;0.321117;0.341518;0.319357;0.339875;0.358066;0.267706;0.332804;0.346535;0.375586;0.268154;0.345284;0.356768;0.38257;0.291886;0.356156;0.371393;0.382596;0.31865
0.473454;0.19125;0.697147;0.640014;0.657154;0.608538;0.644394;0.588755;0.632757;0.563502;0.665969;0.527071;0.654692;0.480915;0.685406;0.517532;0.675721;0.483647;0.701141;0.517967;0.686219;0.498616;0.714332;0.526404;0.695127;0.519226
0.473241;0.191834;0.308668;0.680765;0.341479;0.732074;0.347756;0.793422;0.328552;0.875514;0.298753;0.830641;0.316298;0.858932;0.274885;0.820539;0.301686;0.85278;0.26057;0.801026;0.289902;0.834134;0.254484;0.77797;0.284592;0.81114
0.478757;0.180991;0.317703;0.830211;0.353522;0.810495;0.370359;0.817404;0.379482;0.879501;0.330734;0.831273;0.324312;0.916873;0.311083;0.856249;0.311536;0.957448;0.298767;0.878949;0.305891;0.980626;0.29057;0.897078;0.295183;0.989191
0.475218;0.168838;0.294703;0.857292;0.323744;0.859269;0.339396;0.876268;0.354086;0.913247;0.346527;0.908319;0.371806;0.990005;0.333982;0.920906;0.353464;1.00845;0.319435;0.92915;0.332362;1.00589;0.302249;0.934432;0.311274;0.985258
