face_x;face_y;landmark_x_1;landmark_y_1;landmark_x_2;landmark_y_2;landmark_x_3;landmark_y_3;landmark_x_4;landmark_y_4;landmark_x_5;landmark_y_5;landmark_x_6;landmark_y_6;landmark_x_7;landmark_y_7;landmark_x_8;landmark_y_8;landmark_x_9;landmark_y_9;landmark_x_10;landmark_y_10;landmark_x_11;landmark_y_11;landmark_x_12;landmark_y_12
0.491461;0.224413;0.814124;0.886761;0.8257;0.931177;0.840324;0.97517;0.854496;0.990353;0.844451;0.944493;0.759687;1.01629;0.834517;0.920011;0.732464;1.02339;0.820641;0.899534;0.721778;1.01113;0.804794;0.883251;0.742783;0.945844
0.487385;0.231351;0.814276;0.86969;0.809036;0.894768;0.803554;0.921233;0.795168;0.949096;0.802411;0.898856;0.74248;1.02688;0.794595;0.864672;0.668042;1.00382;0.786544;0.835242;0.704385;0.949918;0.7802;0.814719;0.742802;0.888754
0.48691;0.232508;0.829714;0.895635;0.803232;0.880382;0.774522;0.881589;0.736163;0.936815;0.803387;0.851207;0.701674;0.95131;0.816072;0.856214;0.685622;0.978689;0.823038;0.869306;0.70573;0.973205;0.82379;0.884782;0.749589;0.962988
0.494466;0.227749;0.776216;0.734456;0.728721;0.666627;0.709528;0.616359;0.667102;0.554748;0.774612;0.533988;0.688407;0.512743;0.787598;0.556145;0.689468;0.549038;0.789524;0.584461;0.696765;0.585127;0.781897;0.617612;0.705808;0.610569
0.497401;0.229923;0.721429;0.842037;0.688874;0.799205;0.662787;0.743879;0.630689;0.701181;0.724329;0.624262;0.626129;0.706364;0.724496;0.64167;0.626051;0.744043;0.714537;0.675119;0.626334;0.777217;0.704249;0.720136;0.634077;0.797642
0.499342;0.229101;0.711297;0.84942;0.657317;0.811959;0.624908;0.762455;0.581714;0.718747;0.654444;0.675002;0.566765;0.770468;0.680996;0.694406;0.590524;0.798077;0.70641;0.725065;0.611158;0.810128;0.729435;0.760553;0.646573;0.802665
0.498973;0.230105;0.69808;0.849103;0.644386;0.837458;0.624675;0.810451;0.603292;0.767678;0.616478;0.734459;0.595234;0.770567;0.638953;0.717004;0.628158;0.761441;0.666451;0.712018;0.65924;0.763124;0.697785;0.716984;0.694535;0.763094
0.500556;0.229279;0.67013;0.849869;0.694959;0.8051;0.698763;0.77759;0.690087;0.757396;0.657837;0.753494;0.647657;0.757083;0.63368;0.762204;0.625547;0.770496;0.616092;0.778986;0.60616;0.790551;0.603865;0.800289;0.594451;0.805369
