face_x;face_y;landmark_x_1;landmark_y_1;landmark_x_2;landmark_y_2;landmark_x_3;landmark_y_3;landmark_x_4;landmark_y_4;landmark_x_5;landmark_y_5;landmark_x_6;landmark_y_6;landmark_x_7;landmark_y_7;landmark_x_8;landmark_y_8;landmark_x_9;landmark_y_9;landmark_x_10;landmark_y_10;landmark_x_11;landmark_y_11;landmark_x_12;landmark_y_12
0.465157;0.212551;0.700895;0.844973;0.700857;0.877816;0.702784;0.913512;0.709542;0.967717;0.71078;0.941268;0.718415;1.00099;0.711424;0.936516;0.717602;0.988306;0.711106;0.929613;0.715727;0.963289;0.710774;0.923114;0.71587;0.955053
0.462145;0.217457;0.697334;0.826518;0.70716;0.861943;0.712234;0.904499;0.717364;0.961453;0.704174;0.929149;0.714303;1.02946;0.701099;0.920736;0.706933;1.00486;0.699885;0.907744;0.719137;0.940168;0.701074;0.894458;0.719638;0.916581
0.467666;0.218419;0.71481;0.947698;0.705377;0.90483;0.706288;0.877018;0.718806;0.895318;0.74157;0.916963;0.739999;0.926521;0.74778;0.943782;0.742767;0.945588;0.747724;0.964474;0.732957;0.961805;0.745903;0.976545;0.730897;0.976862
0.463771;0.226589;0.737996;0.895045;0.712518;0.87819;0.69365;0.85802;0.691143;0.849708;0.708692;0.867031;0.708069;0.841914;0.729635;0.876893;0.72544;0.864235;0.748044;0.8878;0.735031;0.884078;0.763793;0.897857;0.75195;0.890015
0.466656;0.25345;0.707325;0.871382;0.714778;0.867425;0.717141;0.85827;0.72338;0.840281;0.713673;0.864907;0.708412;0.828543;0.710074;0.868156;0.701493;0.817712;0.705994;0.868269;0.697334;0.816589;0.702872;0.866188;0.698664;0.824487
0.459192;0.261664;0.706481;0.807369;0.708825;0.753553;0.703248;0.70847;0.684012;0.662511;0.721954;0.707685;0.689242;0.58956;0.712951;0.725406;0.67965;0.594673;0.698458;0.746818;0.664329;0.631715;0.681074;0.769178;0.667403;0.684934
0.466309;0.274622;0.675261;0.674311;0.670402;0.65933;0.665583;0.646807;0.662917;0.633645;0.67062;0.624318;0.660783;0.581887;0.673801;0.629463;0.659583;0.5862;0.67363;0.639102;0.65724;0.600278;0.672562;0.650979;0.656748;0.625395
0.451512;0.240971;0.685351;0.788745;0.667761;0.834496;0.659942;0.865234;0.640475;0.876462;0.694984;0.889013;0.682481;0.876974;0.703343;0.870816;0.686132;0.858846;0.705592;0.851061;0.690277;0.834212;0.706569;0.835397;0.696296;0.821747
0.451646;0.224903;0.297166;0.814729;0.31713;0.776642;0.33561;0.75232;0.355901;0.74506;0.298422;0.753827;0.349191;0.854113;0.282781;0.779367;0.344031;0.923602;0.27451;0.801359;0.320196;0.940041;0.266989;0.817147;0.295546;0.910636
