face_x;face_y;landmark_x_1;landmark_y_1;landmark_x_2;landmark_y_2;landmark_x_3;landmark_y_3;landmark_x_4;landmark_y_4;landmark_x_5;landmark_y_5;landmark_x_6;landmark_y_6;landmark_x_7;landmark_y_7;landmark_x_8;landmark_y_8;landmark_x_9;landmark_y_9;landmark_x_10;landmark_y_10;landmark_x_11;landmark_y_11;landmark_x_12;landmark_y_12
0.476014;0.288007;0.228828;0.965422;0.231189;0.966431;0.238966;0.959725;0.253487;0.942995;0.227216;0.979336;0.225928;0.93527;0.236316;0.973054;0.265115;0.919792;0.245295;0.962399;0.280862;0.91063;0.250604;0.951938;0.278773;0.913362
0.474691;0.288853;0.316223;0.892105;0.306553;0.854009;0.300787;0.830222;0.323905;0.829577;0.241639;0.869077;0.260339;0.861989;0.241226;0.909304;0.251714;0.900041;0.251888;0.941259;0.290778;0.897663;0.272949;0.965535;0.299276;0.925058
0.47206;0.28977;0.309973;0.852841;0.291795;0.812654;0.291421;0.781848;0.335849;0.765532;0.24291;0.82956;0.355542;0.750771;0.249922;0.868956;0.367437;0.767974;0.269861;0.896768;0.370455;0.797705;0.296975;0.916197;0.356759;0.830218
0.470647;0.290321;0.289814;0.904327;0.283071;0.842989;0.286768;0.788853;0.310808;0.728169;0.261752;0.789841;0.35333;0.696838;0.270696;0.81798;0.371186;0.710825;0.28752;0.84813;0.378214;0.743529;0.309442;0.873921;0.374404;0.781473
0.469358;0.275559;0.302271;0.949317;0.314972;0.81479;0.317106;0.740584;0.332957;0.630591;0.266618;0.73033;0.344787;0.641137;0.262335;0.766607;0.319087;0.739715;0.273583;0.805483;0.321356;0.772193;0.292124;0.84548;0.333175;0.791691
0.47136;0.266375;0.31989;0.991208;0.307139;0.968775;0.289592;0.959188;0.273631;0.97538;0.27252;0.970954;0.236941;0.953551;0.272226;0.981809;0.235671;0.964187;0.275273;0.991892;0.249213;0.972443;0.282081;1.00189;0.265143;0.98915
