face_x;face_y;landmark_x_1;landmark_y_1;landmark_x_2;landmark_y_2;landmark_x_3;landmark_y_3;landmark_x_4;landmark_y_4;landmark_x_5;landmark_y_5;landmark_x_6;landmark_y_6;landmark_x_7;landmark_y_7;landmark_x_8;landmark_y_8;landmark_x_9;landmark_y_9;landmark_x_10;landmark_y_10;landmark_x_11;landmark_y_11;landmark_x_12;landmark_y_12
0.397482;0.416314;0.437677;0.975699;0.408257;1.00707;0.380396;1.01305;0.342654;0.99589;0.362475;1.0149;0.346321;1.00193;0.365583;0.984876;0.363505;0.984011;0.372336;0.958551;0.380241;0.963757;0.379853;0.934401;0.390096;0.950959
0.398837;0.416971;0.442843;0.958285;0.45537;0.963548;0.467199;0.95921;0.473555;0.951744;0.470241;0.928248;0.492816;0.889873;0.458512;0.917226;0.461413;0.899516;0.445382;0.910917;0.445606;0.905006;0.432322;0.905908;0.4322;0.901123
0.398324;0.412768;0.27495;0.820231;0.274163;0.772333;0.286675;0.73695;0.322929;0.710255;0.281549;0.720595;0.346263;0.68488;0.292983;0.743243;0.357238;0.697806;0.307126;0.76623;0.359948;0.717886;0.32204;0.786261;0.36057;0.733697
0.398455;0.413732;0.278568;0.784996;0.274406;0.735801;0.288696;0.698891;0.325683;0.679899;0.288396;0.682566;0.343528;0.675536;0.302306;0.701207;0.353307;0.688663;0.317056;0.723594;0.354906;0.710478;0.331155;0.745298;0.355036;0.72713
0.403962;0.413936;0.257819;0.846087;0.272078;0.798659;0.269293;0.748013;0.263912;0.668249;0.226408;0.746224;0.211413;0.685048;0.21723;0.768495;0.206271;0.734316;0.21395;0.797081;0.203438;0.77721;0.214195;0.827701;0.204743;0.81013
0.404076;0.413037;0.249343;0.920324;0.26519;0.869665;0.266064;0.811026;0.260006;0.735281;0.225987;0.788145;0.240755;0.773241;0.210724;0.809212;0.232197;0.796369;0.199726;0.834229;0.219071;0.822219;0.192369;0.860889;0.206939;0.844575
0.402801;0.413714;0.240809;0.992037;0.271116;0.933261;0.277378;0.874075;0.269998;0.797013;0.248822;0.847525;0.254276;0.848974;0.223371;0.858077;0.235197;0.863496;0.204569;0.877096;0.220587;0.87961;0.192124;0.900279;0.203238;0.901429
0.402576;0.413187;0.234071;0.976257;0.266303;0.940782;0.278897;0.916482;0.276948;0.888728;0.224472;0.908715;0.240256;0.945724;0.206124;0.927295;0.231472;0.973412;0.194183;0.947776;0.218545;0.992837;0.18583;0.965602;0.204509;1.00565
