face_x;face_y;landmark_x_1;landmark_y_1;landmark_x_2;landmark_y_2;landmark_x_3;landmark_y_3;landmark_x_4;landmark_y_4;landmark_x_5;landmark_y_5;landmark_x_6;landmark_y_6;landmark_x_7;landmark_y_7;landmark_x_8;landmark_y_8;landmark_x_9;landmark_y_9;landmark_x_10;landmark_y_10;landmark_x_11;landmark_y_11;landmark_x_12;landmark_y_12
0.463063;0.243872;0.685886;0.795548;0.658814;0.78327;0.646383;0.760481;0.647797;0.703441;0.652838;0.732408;0.644052;0.62977;0.670896;0.723378;0.657231;0.614368;0.686773;0.720562;0.671773;0.620916;0.700158;0.722186;0.681597;0.652527
0.463226;0.265448;0.37161;0.553838;0.367013;0.526008;0.365331;0.500071;0.373746;0.457796;0.366575;0.466292;0.369876;0.384719;0.375724;0.467777;0.384743;0.380691;0.383838;0.471011;0.390939;0.39523;0.389996;0.475809;0.392901;0.415813
0.459265;0.228094;0.713148;0.813536;0.735251;0.788686;0.749902;0.774139;0.759955;0.787853;0.745663;0.835579;0.727912;0.809915;0.735303;0.863109;0.720182;0.83844;0.723865;0.88644;0.713212;0.870279;0.713985;0.90401;0.70904;0.928656
0.46123;0.213154;0.729056;0.848034;0.719595;0.837936;0.721107;0.862887;0.750334;0.922576;0.715784;0.920467;0.729495;0.992847;0.73002;0.938757;0.736824;1.01021;0.745686;0.946509;0.755312;0.916896;0.76035;0.949181;0.767386;0.918552
0.459629;0.217126;0.719976;0.828128;0.736573;0.852788;0.746692;0.888766;0.757511;0.938834;0.750651;0.911585;0.771825;1.0101;0.742785;0.915021;0.765488;1.01773;0.732889;0.913514;0.747349;1.00101;0.721669;0.908432;0.728918;0.987665
0.467817;0.197115;5.3058e-39;6.13461e-39;3.12413e-39;6.63175e-39;1.15942e-39;6.92317e-39;-1.06185e-40;9.15171e-39;4.77545e-39;6.66603e-39;5.23348e-39;3.38322e-39;6.19775e-39;5.72319e-39;7.21023e-39;2.14038e-39;6.92698e-39;5.10605e-39;7.40309e-39;2.42323e-39;7.20421e-39;4.48892e-39;7.24037e-39;1.7461e-39
