face_x;face_y;landmark_x_1;landmark_y_1;landmark_x_2;landmark_y_2;landmark_x_3;landmark_y_3;landmark_x_4;landmark_y_4;landmark_x_5;landmark_y_5;landmark_x_6;landmark_y_6;landmark_x_7;landmark_y_7;landmark_x_8;landmark_y_8;landmark_x_9;landmark_y_9;landmark_x_10;landmark_y_10;landmark_x_11;landmark_y_11;landmark_x_12;landmark_y_12
0.475837;0.196665;0.711826;0.918187;0.744193;0.936571;0.762633;0.965143;0.77513;1.02226;0.753919;0.988074;0.766334;1.09564;0.733225;0.996389;0.742464;1.09665;0.712655;0.999206;0.721618;1.0689;0.693632;0.999162;0.704343;1.06371
0.476364;0.196274;0.70602;0.851293;0.735252;0.874315;0.750277;0.902907;0.768241;0.958391;0.753225;0.943605;0.755706;0.947493;0.742179;0.955894;0.74359;0.946073;0.727026;0.961914;0.728916;0.953935;0.709022;0.96403;0.717797;0.962647
0.466936;0.21417;0.725947;0.882159;0.693809;0.880962;0.676265;0.871972;0.67685;0.822687;0.699018;0.890497;0.687842;0.803619;0.721853;0.88128;0.707194;0.774485;0.741732;0.866942;0.72944;0.762015;0.756894;0.850941;0.749279;0.768593
0.480965;0.218352;0.710814;0.83665;0.677698;0.827249;0.661424;0.805831;0.659272;0.7606;0.683063;0.81427;0.673888;0.711196;0.708633;0.802606;0.692928;0.68356;0.728902;0.793781;0.716198;0.678536;0.743515;0.788029;0.733463;0.693956
0.469958;0.259668;0.705344;0.788516;0.679621;0.772959;0.669355;0.753274;0.665268;0.724673;0.686652;0.749806;0.672259;0.686433;0.698857;0.746527;0.686326;0.689253;0.707946;0.74988;0.698487;0.709126;0.714383;0.755956;0.705957;0.736932
0.457789;0.276547;0.359538;0.489488;0.341673;0.425443;0.34342;0.379775;0.379896;0.332672;0.341488;0.352895;0.407421;0.263868;0.357421;0.363723;0.427003;0.26413;0.376797;0.378857;0.43567;0.284179;0.3965;0.396477;0.435595;0.310338
0.460073;0.194076;0.250289;0.861801;0.304575;0.864105;0.344664;0.903551;0.385178;0.978047;0.326543;0.90525;0.369777;1.00198;0.299151;0.928047;0.319341;1.10862;0.276221;0.952453;0.309516;1.10573;0.259394;0.971693;0.289907;1.09558
0.460011;0.192126;0.265797;0.88537;0.307426;0.894718;0.326834;0.922183;0.343042;0.991914;0.341327;0.945409;0.358434;1.05093;0.325977;0.960507;0.335949;1.0838;0.30553;0.975022;0.30946;1.09014;0.28222;0.988033;0.285303;1.07546
