face_x;face_y;landmark_x_1;landmark_y_1;landmark_x_2;landmark_y_2;landmark_x_3;landmark_y_3;landmark_x_4;landmark_y_4;landmark_x_5;landmark_y_5;landmark_x_6;landmark_y_6;landmark_x_7;landmark_y_7;landmark_x_8;landmark_y_8;landmark_x_9;landmark_y_9;landmark_x_10;landmark_y_10;landmark_x_11;landmark_y_11;landmark_x_12;landmark_y_12
0.450089;0.28512;0.518202;0.937522;0.494073;0.967777;0.471232;0.972764;0.441059;0.978877;0.45296;0.934179;0.432791;0.950001;0.458451;0.917157;0.445756;0.938738;0.469114;0.906289;0.464705;0.940466;0.481394;0.899064;0.478176;0.929382
0.44782;0.289336;0.567938;0.915112;0.569851;0.831412;0.573878;0.771873;0.560408;0.703642;0.625646;0.759847;0.545853;0.657622;0.618999;0.781756;0.523605;0.658133;0.600762;0.80424;0.508835;0.675643;0.577249;0.824715;0.503773;0.716311
0.446126;0.277564;0.249403;0.996457;0.28429;0.89372;0.284546;0.824876;0.28895;0.748803;0.201747;0.794894;0.262026;0.684979;0.183775;0.842504;0.262017;0.800731;0.185247;0.893846;0.259071;0.862659;0.197611;0.93843;0.26207;0.887785
0.449471;0.285872;0.286769;0.938857;0.25306;0.953969;0.231785;0.943138;0.200192;0.941862;0.249862;0.801637;0.301778;0.635988;0.265121;0.773086;0.326425;0.565692;0.283795;0.758996;0.343401;0.580375;0.300083;0.756711;0.355001;0.615721
0.447106;0.289283;0.276841;0.920823;0.249369;0.947508;0.231373;0.940837;0.206222;0.937439;0.265503;0.807541;0.302799;0.649188;0.277486;0.773535;0.322668;0.577206;0.289861;0.753459;0.336655;0.579035;0.298714;0.746343;0.347886;0.596673
0.448146;0.293185;0.247197;0.940006;0.265891;0.919778;0.275523;0.883228;0.269096;0.832521;0.313826;0.78011;0.355712;0.592607;0.291862;0.766871;0.332466;0.561064;0.266663;0.770524;0.302808;0.589955;0.241314;0.784108;0.262004;0.644156
0.45201;0.291093;0.272718;0.935883;0.310983;0.877827;0.326837;0.826424;0.336168;0.734154;0.312835;0.778954;0.366583;0.579187;0.292642;0.771024;0.362578;0.551156;0.275576;0.77157;0.33754;0.575969;0.26023;0.778369;0.303533;0.61561
0.453645;0.289772;0.2882;0.936358;0.283791;0.852783;0.287781;0.793049;0.306462;0.694308;0.270731;0.752861;0.334891;0.570975;0.28138;0.759025;0.36057;0.552018;0.295915;0.770896;0.360582;0.580297;0.312774;0.785789;0.352692;0.612355
0.454447;0.286357;0.279301;0.943626;0.328914;0.874467;0.34977;0.811902;0.348836;0.703766;0.333101;0.778656;0.37602;0.560537;0.297048;0.775256;0.360172;0.551992;0.267785;0.778971;0.329518;0.578519;0.246427;0.78332;0.289639;0.626344
