face_x;face_y;landmark_x_1;landmark_y_1;landmark_x_2;landmark_y_2;landmark_x_3;landmark_y_3;landmark_x_4;landmark_y_4;landmark_x_5;landmark_y_5;landmark_x_6;landmark_y_6;landmark_x_7;landmark_y_7;landmark_x_8;landmark_y_8;landmark_x_9;landmark_y_9;landmark_x_10;landmark_y_10;landmark_x_11;landmark_y_11;landmark_x_12;landmark_y_12
0.456922;0.235088;0.698111;0.857835;0.665129;0.885234;0.654554;0.930125;0.66301;1.00174;0.669327;0.963971;0.672764;0.988344;0.691664;0.962732;0.699518;0.988651;0.710984;0.954754;0.715749;0.978308;0.727821;0.943018;0.726285;0.959147
0.447876;0.277258;0.688942;0.868882;0.667471;0.862981;0.659154;0.850382;0.652638;0.829943;0.681852;0.841534;0.687981;0.805399;0.696122;0.840016;0.700404;0.79707;0.706976;0.840121;0.709365;0.795297;0.714803;0.840894;0.718725;0.811879
0.451954;0.28291;0.674314;0.829229;0.684087;0.825415;0.691544;0.827242;0.700758;0.832941;0.692541;0.84326;0.704016;0.855548;0.688538;0.848449;0.699812;0.862344;0.683433;0.85065;0.692944;0.862973;0.677817;0.850891;0.684622;0.859985
0.460714;0.210238;0.316729;0.637995;0.3216;0.641244;0.331467;0.626657;0.337466;0.627756;0.350131;0.558941;0.367493;0.458537;0.343224;0.553336;0.360532;0.435401;0.334041;0.555898;0.335999;0.463615;0.323019;0.563451;0.314658;0.506908
0.451162;0.206168;0.692833;0.83625;0.682783;0.877113;0.676819;0.928932;0.682591;1.0051;0.672324;0.975497;0.688607;1.01277;0.679295;0.968949;0.695869;1.01384;0.686091;0.958499;0.700506;1.00234;0.692082;0.947842;0.701557;0.999458
0.451549;0.196649;0.687322;0.83569;0.694513;0.884761;0.69412;0.939298;0.697653;1.01717;0.675451;0.98552;0.697523;1.03378;0.673735;0.975472;0.695248;1.03115;0.675295;0.964345;0.693647;1.01731;0.676763;0.95545;0.691056;1.01373
0.452863;0.191221;0.686496;0.839009;0.681769;0.901826;0.679515;0.955142;0.68451;1.01613;0.678768;0.993591;0.688023;1.04468;0.683256;0.982804;0.690725;1.03668;0.687968;0.969569;0.694994;1.01952;0.691605;0.958521;0.691749;1.00875
