face_x;face_y;landmark_x_1;landmark_y_1;landmark_x_2;landmark_y_2;landmark_x_3;landmark_y_3;landmark_x_4;landmark_y_4;landmark_x_5;landmark_y_5;landmark_x_6;landmark_y_6;landmark_x_7;landmark_y_7;landmark_x_8;landmark_y_8;landmark_x_9;landmark_y_9;landmark_x_10;landmark_y_10;landmark_x_11;landmark_y_11;landmark_x_12;landmark_y_12
0.433916;0.333949;0.200601;1.00439;0.194995;0.938756;0.188875;0.874049;0.210267;0.793397;0.146729;0.860823;0.253822;0.766925;0.149215;0.902851;0.281184;0.790317;0.16432;0.946905;0.293595;0.849933;0.186771;0.990884;0.281991;0.892929
0.434768;0.33446;0.209585;0.968854;0.202872;0.898819;0.213039;0.831573;0.259016;0.765342;0.182908;0.797621;0.302897;0.712088;0.186389;0.834686;0.325229;0.740946;0.202521;0.875168;0.333187;0.771804;0.226055;0.911152;0.320821;0.805064
0.435114;0.334208;0.222582;0.938338;0.213997;0.880843;0.223985;0.813957;0.271458;0.741441;0.201475;0.770879;0.318575;0.707078;0.210885;0.799888;0.33425;0.711743;0.230647;0.831099;0.344296;0.73956;0.257753;0.859822;0.340755;0.76903
0.438371;0.342436;0.235822;0.944957;0.230856;0.864662;0.221677;0.787082;0.237993;0.694357;0.162505;0.764326;0.256898;0.63655;0.174503;0.786794;0.275215;0.645353;0.197902;0.807507;0.291342;0.66211;0.227681;0.828721;0.291179;0.699442
0.435513;0.344344;0.205786;0.963324;0.202723;0.902507;0.190204;0.855358;0.18136;0.846863;0.130089;0.881821;0.163973;0.873617;0.127894;0.923678;0.170315;0.907857;0.135256;0.96266;0.187324;0.918862;0.149508;0.999283;0.199647;0.946438
0.437899;0.345365;0.186454;0.959257;0.193964;0.920307;0.188291;0.888171;0.181591;0.890616;0.134685;0.912552;0.101214;0.917561;0.12745;0.93374;0.112412;0.948948;0.128036;0.95489;0.117253;0.973924;0.134762;0.976396;0.108112;0.987893
