face_x;face_y;landmark_x_1;landmark_y_1;landmark_x_2;landmark_y_2;landmark_x_3;landmark_y_3;landmark_x_4;landmark_y_4;landmark_x_5;landmark_y_5;landmark_x_6;landmark_y_6;landmark_x_7;landmark_y_7;landmark_x_8;landmark_y_8;landmark_x_9;landmark_y_9;landmark_x_10;landmark_y_10;landmark_x_11;landmark_y_11;landmark_x_12;landmark_y_12
0.455463;0.218468;0.722018;0.924787;0.740474;0.919892;0.75477;0.932039;0.770939;0.966567;0.753916;0.968511;0.77186;1.04051;0.743696;0.981753;0.761672;1.06102;0.731295;0.986549;0.743496;1.05146;0.717924;0.985279;0.726933;1.03319
0.460838;0.221236;0.73965;0.919454;0.762182;0.92478;0.771188;0.915319;0.755684;0.905848;0.7539;0.863329;0.748136;0.869731;0.732868;0.865481;0.735513;0.883657;0.715723;0.878397;0.722467;0.909267;0.703217;0.895505;0.712267;0.926171
0.459827;0.213884;0.727626;0.890602;0.74324;0.853958;0.747821;0.82315;0.746369;0.773983;0.745923;0.843456;0.728509;0.794022;0.732499;0.863324;0.712627;0.806621;0.71804;0.880103;0.697496;0.822805;0.704949;0.893665;0.687846;0.852535
0.457682;0.253178;0.290263;0.721705;0.301464;0.663165;0.30351;0.61373;0.297644;0.555704;0.296839;0.627506;0.300244;0.524681;0.300138;0.638285;0.309227;0.541565;0.303451;0.650546;0.311692;0.583248;0.307067;0.66085;0.321187;0.610873
0.455992;0.277725;0.308504;0.53894;0.303254;0.478373;0.302578;0.425686;0.319586;0.363068;0.283169;0.399843;0.354887;0.308429;0.290444;0.409628;0.366661;0.299631;0.303809;0.423092;0.369022;0.30663;0.321053;0.437921;0.364934;0.336797
0.457955;0.2237;0.744705;0.811677;0.720278;0.768957;0.705529;0.73907;0.692544;0.711524;0.72802;0.771789;0.687817;0.786346;0.736685;0.80923;0.689851;0.832762;0.745824;0.84256;0.704857;0.873977;0.755141;0.867994;0.720592;0.895719
0.457591;0.22101;0.711796;0.844;0.700838;0.859183;0.697505;0.889146;0.704537;0.931389;0.716451;0.934493;0.724909;0.943426;0.72781;0.932407;0.731484;0.934974;0.736235;0.92778;0.736836;0.915539;0.745904;0.919148;0.747434;0.911023
