face_x;face_y;landmark_x_1;landmark_y_1;landmark_x_2;landmark_y_2;landmark_x_3;landmark_y_3;landmark_x_4;landmark_y_4;landmark_x_5;landmark_y_5;landmark_x_6;landmark_y_6;landmark_x_7;landmark_y_7;landmark_x_8;landmark_y_8;landmark_x_9;landmark_y_9;landmark_x_10;landmark_y_10;landmark_x_11;landmark_y_11;landmark_x_12;landmark_y_12
0.476723;0.328951;0.273353;0.975772;0.271127;0.983863;0.269993;0.995784;0.267331;1.01187;0.265105;1.03167;0.273528;0.988659;0.267839;1.03699;0.270722;0.994696;0.271265;1.03442;0.274998;0.989037;0.274197;1.03035;0.272718;0.98692
0.469642;0.322114;0.277343;0.960597;0.268609;0.976623;0.265947;0.99508;0.266848;1.01716;0.262187;1.02978;0.266879;0.999484;0.269925;1.03372;0.268083;1.00161;0.276773;1.03036;0.276084;0.990306;0.282617;1.02493;0.277503;0.988179
0.465772;0.325962;0.726692;0.89856;0.715546;0.842217;0.714876;0.804893;0.707061;0.763762;0.744874;0.832134;0.774657;0.833963;0.758266;0.866641;0.784944;0.875668;0.767606;0.897307;0.785241;0.905032;0.775936;0.923237;0.793183;0.921458
0.462823;0.329;0.253308;0.667699;0.265723;0.64034;0.273674;0.605335;0.279413;0.554044;0.262307;0.529438;0.249735;0.540937;0.25439;0.535483;0.248309;0.551504;0.250348;0.549799;0.238723;0.568177;0.24824;0.566234;0.232717;0.563533
0.467935;0.330062;0.669522;0.929564;0.669707;0.832977;0.636974;0.7605;0.573065;0.712946;0.640772;0.753721;0.548241;0.725183;0.62695;0.791449;0.534009;0.769707;0.609569;0.837765;0.527064;0.828588;0.591757;0.885113;0.53046;0.864342
0.464627;0.33169;0.552535;0.79482;0.571152;0.720049;0.578512;0.673626;0.592203;0.647063;0.53162;0.737389;0.60481;0.807347;0.521847;0.794359;0.614266;0.870116;0.523215;0.845074;0.617192;0.919605;0.529477;0.887296;0.601031;0.952393
0.463587;0.332465;0.522376;0.884162;0.568708;0.849762;0.609684;0.853931;0.654759;0.878809;0.637366;0.877761;0.666165;0.945972;0.632315;0.901297;0.653438;0.951217;0.622862;0.92526;0.63941;0.968217;0.612134;0.94831;0.636801;0.989812
