face_x;face_y;landmark_x_1;landmark_y_1;landmark_x_2;landmark_y_2;landmark_x_3;landmark_y_3;landmark_x_4;landmark_y_4;landmark_x_5;landmark_y_5;landmark_x_6;landmark_y_6;landmark_x_7;landmark_y_7;landmark_x_8;landmark_y_8;landmark_x_9;landmark_y_9;landmark_x_10;landmark_y_10;landmark_x_11;landmark_y_11;landmark_x_12;landmark_y_12
0.467818;0.214992;0.273966;0.889339;0.311071;0.92978;0.328038;0.966277;0.339283;1.01572;0.312927;0.988686;0.336769;0.972436;0.30138;0.981564;0.322352;0.962197;0.293404;0.970675;0.311978;0.950487;0.287205;0.959202;0.301459;0.941207
0.464523;0.218409;0.714814;0.996893;0.683152;0.980761;0.667619;0.971722;0.678632;0.957408;0.693817;0.975351;0.69032;0.926784;0.714788;0.974187;0.715614;0.918241;0.733494;0.972554;0.728573;0.920614;0.750828;0.969628;0.74793;0.927482
0.461686;0.238826;0.705837;0.87549;0.683186;0.880432;0.668186;0.867932;0.668652;0.819399;0.694252;0.882517;0.667557;0.783261;0.717116;0.872748;0.687238;0.762299;0.733079;0.858924;0.698044;0.762413;0.742429;0.844092;0.718015;0.76665
0.460007;0.250282;0.694602;0.864079;0.678779;0.851293;0.669594;0.817994;0.662986;0.753784;0.680089;0.779701;0.665413;0.677345;0.687427;0.776563;0.671897;0.677719;0.692188;0.779856;0.673658;0.746171;0.69519;0.786534;0.678549;0.766229
0.453103;0.282961;0.670275;0.676787;0.671913;0.64401;0.676547;0.616828;0.681787;0.578109;0.688532;0.616545;0.680786;0.541513;0.688089;0.624632;0.680399;0.545081;0.683197;0.634656;0.678534;0.590226;0.675246;0.64619;0.669476;0.608301
0.440982;0.294465;0.31335;0.555574;0.312629;0.520114;0.304413;0.490629;0.296416;0.45176;0.292322;0.484566;0.28869;0.413127;0.294295;0.483814;0.293321;0.401707;0.298487;0.483131;0.298278;0.401471;0.306071;0.482669;0.304057;0.417504
