face_x;face_y;landmark_x_1;landmark_y_1;landmark_x_2;landmark_y_2;landmark_x_3;landmark_y_3;landmark_x_4;landmark_y_4;landmark_x_5;landmark_y_5;landmark_x_6;landmark_y_6;landmark_x_7;landmark_y_7;landmark_x_8;landmark_y_8;landmark_x_9;landmark_y_9;landmark_x_10;landmark_y_10;landmark_x_11;landmark_y_11;landmark_x_12;landmark_y_12
0.460411;0.191449;0.728853;0.5101;0.730163;0.451069;0.721323;0.398769;0.686305;0.340229;0.759879;0.365179;0.674991;0.289844;0.748803;0.375685;0.669459;0.293898;0.729924;0.39027;0.661522;0.312967;0.708707;0.405479;0.661673;0.336401
0.444782;0.174983;0.253862;0.831513;0.275284;0.797993;0.283656;0.74102;0.267232;0.659387;0.249219;0.610483;0.209295;0.520763;0.223759;0.626168;0.177706;0.567434;0.205134;0.646809;0.162118;0.599135;0.194212;0.669004;0.150839;0.62
0.441886;0.175433;0.246375;0.853877;0.264525;0.807336;0.266579;0.740662;0.237078;0.654917;0.227302;0.632841;0.178364;0.653352;0.20564;0.647486;0.160882;0.683921;0.188371;0.669609;0.156303;0.728287;0.178842;0.691692;0.146696;0.727373
0.445931;0.171045;0.220711;0.781215;0.262869;0.776523;0.277393;0.764433;0.241541;0.790641;0.241347;0.688685;0.232716;0.769472;0.198837;0.713026;0.185675;0.846445;0.168421;0.752776;0.173274;0.900243;0.151868;0.788051;0.152773;0.904122
0.447277;0.160572;0.244816;0.844472;0.228484;0.821664;0.211814;0.827899;0.197595;0.866911;0.204046;0.896839;0.155425;0.972898;0.210954;0.920927;0.175509;1.00406;0.219346;0.932067;0.197424;0.988819;0.227206;0.936493;0.216357;0.976668
0.453209;0.155048;0.21746;0.842982;0.230428;0.882309;0.233083;0.924681;0.228374;0.985874;0.193104;0.955876;0.162156;0.976734;0.183766;0.940231;0.156069;0.948873;0.177157;0.921134;0.158453;0.930858;0.173555;0.9038;0.164195;0.91531
0.444314;0.0813718;0.490794;0.266311;0.5433;0.21545;0.562516;0.151551;0.505804;0.0960673;0.550854;0.0642998;0.513649;0.102567;0.508058;0.0644764;0.470726;0.114953;0.470974;0.0785233;0.46127;0.14122;0.439324;0.0960986;0.444707;0.128094
