face_x;face_y;landmark_x_1;landmark_y_1;landmark_x_2;landmark_y_2;landmark_x_3;landmark_y_3;landmark_x_4;landmark_y_4;landmark_x_5;landmark_y_5;landmark_x_6;landmark_y_6;landmark_x_7;landmark_y_7;landmark_x_8;landmark_y_8;landmark_x_9;landmark_y_9;landmark_x_10;landmark_y_10;landmark_x_11;landmark_y_11;landmark_x_12;landmark_y_12
0.416516;0.29609;0.235371;0.98602;0.230031;0.946047;0.222316;0.929247;0.21241;0.907746;0.186309;0.957226;0.173964;0.955824;0.177382;0.977604;0.163118;0.972637;0.174264;0.994665;0.164711;0.991209;0.175036;1.0095;0.168034;1.0012
0.418416;0.290389;0.25046;0.983444;0.239309;0.928856;0.227283;0.887172;0.227304;0.81803;0.169656;0.896904;0.240311;0.794023;0.173995;0.927623;0.258952;0.803659;0.188857;0.953621;0.281173;0.845348;0.210492;0.978674;0.276448;0.887951
0.417169;0.291195;0.217261;0.954188;0.214523;0.890086;0.215609;0.832288;0.245472;0.76823;0.176236;0.813794;0.262926;0.706988;0.183758;0.844486;0.28716;0.727742;0.202524;0.872741;0.302115;0.752548;0.228238;0.897701;0.30173;0.790328
0.420092;0.27809;0.262824;0.872669;0.28126;0.752137;0.284023;0.671193;0.312252;0.564811;0.18605;0.657336;0.303216;0.566989;0.181058;0.684104;0.310291;0.581505;0.195604;0.709948;0.311552;0.598261;0.219439;0.734436;0.288631;0.624766
0.41877;0.281298;0.239101;0.83465;0.246579;0.78089;0.231753;0.726799;0.209471;0.662535;0.17059;0.767531;0.203339;0.652082;0.160424;0.784447;0.206526;0.654171;0.161975;0.799226;0.206187;0.664385;0.170018;0.808771;0.210463;0.692165
0.418836;0.275823;0.245503;0.953866;0.257793;0.898155;0.256011;0.842937;0.23841;0.795121;0.193157;0.835751;0.216412;0.767962;0.182199;0.867575;0.206194;0.797736;0.18114;0.905504;0.208476;0.834476;0.188358;0.943723;0.220823;0.876009
0.416941;0.275677;0.197091;0.95618;0.222781;0.91088;0.234929;0.868485;0.233664;0.844881;0.183403;0.883349;0.199817;0.880512;0.166251;0.902526;0.19206;0.894899;0.157624;0.922813;0.185757;0.917069;0.151371;0.938174;0.175943;0.942413
