face_x;face_y;landmark_x_1;landmark_y_1;landmark_x_2;landmark_y_2;landmark_x_3;landmark_y_3;landmark_x_4;landmark_y_4;landmark_x_5;landmark_y_5;landmark_x_6;landmark_y_6;landmark_x_7;landmark_y_7;landmark_x_8;landmark_y_8;landmark_x_9;landmark_y_9;landmark_x_10;landmark_y_10;landmark_x_11;landmark_y_11;landmark_x_12;landmark_y_12
0.459813;0.21151;0.709237;0.904494;0.721468;0.915564;0.728597;0.936208;0.738868;0.979001;0.729417;0.974946;0.734271;1.04819;0.721315;0.980789;0.724374;1.0547;0.711964;0.980773;0.711735;1.03952;0.703957;0.977709;0.707605;1.01562
0.449129;0.248441;0.706986;0.851878;0.685019;0.855688;0.6729;0.84255;0.668576;0.812202;0.692536;0.83484;0.676381;0.776952;0.707942;0.827748;0.68649;0.764575;0.719593;0.824177;0.701638;0.76955;0.728988;0.822993;0.721513;0.790038
0.45572;0.241015;0.287089;0.914907;0.301533;0.837716;0.304007;0.772543;0.317739;0.653995;0.247927;0.691225;0.286191;0.673386;0.25007;0.678256;0.297032;0.673522;0.26217;0.673472;0.304939;0.675543;0.281062;0.67599;0.303596;0.660043
0.463507;0.215048;0.273558;0.969524;0.299029;0.891118;0.303845;0.795004;0.291488;0.699844;0.296008;0.739215;0.293228;0.706682;0.275647;0.768956;0.293421;0.744805;0.261317;0.810163;0.285575;0.837037;0.251092;0.85279;0.274967;0.862948
0.459839;0.219561;0.259434;0.830473;0.291766;0.829835;0.315482;0.871632;0.329286;0.987375;0.250845;0.905222;0.299564;1.00257;0.240754;0.930844;0.310966;0.99231;0.241267;0.949146;0.303774;0.986927;0.247439;0.960887;0.299182;0.983588
0.451469;0.216115;0.249792;0.863879;0.296662;0.882701;0.31994;0.923706;0.340043;1.00187;0.300247;0.974076;0.333504;0.962589;0.279078;0.978285;0.31139;0.957296;0.264493;0.973522;0.293761;0.956016;0.255463;0.96759;0.279366;0.95655
0.448177;0.204501;0.262639;0.880624;0.298697;0.886667;0.314335;0.908485;0.327692;0.948056;0.306582;0.950533;0.315886;0.97097;0.289946;0.959208;0.295964;0.965225;0.27399;0.959944;0.280134;0.950998;0.260247;0.959068;0.267856;0.943484
0.448233;0.206232;0.290474;0.879716;0.305696;0.908703;0.31127;0.930911;0.318966;0.960482;0.295262;0.948082;0.308448;0.994622;0.291989;0.942292;0.306753;0.988565;0.292795;0.935868;0.310564;0.949171;0.296641;0.930696;0.30736;0.941686
