face_x;face_y;landmark_x_1;landmark_y_1;landmark_x_2;landmark_y_2;landmark_x_3;landmark_y_3;landmark_x_4;landmark_y_4;landmark_x_5;landmark_y_5;landmark_x_6;landmark_y_6;landmark_x_7;landmark_y_7;landmark_x_8;landmark_y_8;landmark_x_9;landmark_y_9;landmark_x_10;landmark_y_10;landmark_x_11;landmark_y_11;landmark_x_12;landmark_y_12
0.396646;0.406892;0.478304;0.976265;0.448065;0.994591;0.426064;0.993919;0.397985;0.969951;0.399449;0.993999;0.403701;0.97155;0.400353;0.970367;0.408932;0.957675;0.408485;0.948378;0.418224;0.944589;0.420229;0.928734;0.432604;0.936709
0.401587;0.402851;0.490518;0.939009;0.461315;0.965829;0.434719;0.967437;0.416128;0.943749;0.411124;0.943873;0.426301;0.929292;0.417734;0.91294;0.434409;0.906389;0.431133;0.886823;0.448551;0.889133;0.448112;0.866673;0.462744;0.873849
0.408148;0.39835;0.486518;0.925354;0.457038;0.94713;0.432173;0.946209;0.41389;0.933719;0.44984;0.910703;0.416921;0.861217;0.468758;0.895882;0.429804;0.854513;0.484673;0.886457;0.448177;0.853093;0.497672;0.879654;0.464613;0.85604
0.405456;0.405582;0.491597;0.945969;0.481299;0.921958;0.471983;0.895681;0.460827;0.87617;0.464746;0.877345;0.433664;0.794097;0.4605;0.885236;0.435445;0.796801;0.459477;0.896828;0.461764;0.847032;0.45917;0.911302;0.46903;0.890342
0.41131;0.417898;0.288424;0.949738;0.329712;0.902296;0.347954;0.843674;0.361807;0.776575;0.304517;0.777628;0.34957;0.766307;0.288558;0.794001;0.345182;0.792868;0.278522;0.820297;0.334215;0.82724;0.273009;0.851052;0.322003;0.847054
0.407766;0.422433;0.323114;0.982531;0.299462;0.979949;0.279499;0.972844;0.257548;0.965079;0.263003;0.968336;0.288173;0.95413;0.269408;0.959923;0.294827;0.939343;0.279668;0.952514;0.304238;0.943052;0.289562;0.947505;0.300587;0.932323
