face_x;face_y;landmark_x_1;landmark_y_1;landmark_x_2;landmark_y_2;landmark_x_3;landmark_y_3;landmark_x_4;landmark_y_4;landmark_x_5;landmark_y_5;landmark_x_6;landmark_y_6;landmark_x_7;landmark_y_7;landmark_x_8;landmark_y_8;landmark_x_9;landmark_y_9;landmark_x_10;landmark_y_10;landmark_x_11;landmark_y_11;landmark_x_12;landmark_y_12
0.444695;0.279495;0.251495;0.923948;0.262459;0.848426;0.259641;0.792783;0.276361;0.718248;0.198464;0.775811;0.27806;0.686976;0.197837;0.803432;0.295747;0.697018;0.208367;0.828737;0.317637;0.722395;0.226257;0.853573;0.30637;0.765503
0.444818;0.276105;0.249724;0.866697;0.264534;0.803564;0.269038;0.746604;0.287394;0.674596;0.213169;0.718234;0.312448;0.623313;0.213091;0.742393;0.327088;0.645156;0.225115;0.766113;0.337899;0.670388;0.246015;0.790474;0.329231;0.697685
0.45005;0.275121;0.258493;0.849563;0.262007;0.765096;0.245797;0.699088;0.237567;0.61158;0.180817;0.710863;0.186109;0.609244;0.173959;0.738461;0.190843;0.610022;0.176301;0.766674;0.192979;0.632376;0.18848;0.792061;0.194908;0.675362
0.448283;0.273526;0.254011;0.88166;0.262558;0.825307;0.251408;0.764893;0.225438;0.685507;0.181084;0.764096;0.171211;0.660038;0.172031;0.790686;0.153734;0.69517;0.171046;0.823785;0.160484;0.730732;0.177551;0.858422;0.177912;0.773406
0.443844;0.268304;0.216221;0.978518;0.251169;0.916274;0.254145;0.852836;0.221621;0.785411;0.177841;0.818351;0.165696;0.756429;0.155204;0.84774;0.150444;0.795069;0.14412;0.883543;0.138813;0.837377;0.140931;0.921981;0.141728;0.884292
0.447203;0.27713;0.206239;0.980399;0.180217;1.00441;0.144975;1.00944;0.114806;0.975106;0.128503;0.993983;0.118372;0.977929;0.135234;0.963617;0.133564;0.95997;0.146469;0.936746;0.151757;0.952419;0.160717;0.914269;0.164846;0.937587
