face_x;face_y;landmark_x_1;landmark_y_1;landmark_x_2;landmark_y_2;landmark_x_3;landmark_y_3;landmark_x_4;landmark_y_4;landmark_x_5;landmark_y_5;landmark_x_6;landmark_y_6;landmark_x_7;landmark_y_7;landmark_x_8;landmark_y_8;landmark_x_9;landmark_y_9;landmark_x_10;landmark_y_10;landmark_x_11;landmark_y_11;landmark_x_12;landmark_y_12
0.470908;0.356271;0.278725;0.946093;0.278687;0.879625;0.291547;0.823236;0.343719;0.794368;0.262161;0.873121;0.355776;0.771964;0.283175;0.908831;0.346489;0.823204;0.305981;0.937298;0.357545;0.867559;0.327552;0.960737;0.362505;0.915748
0.469877;0.356148;0.316023;0.972711;0.28828;0.918371;0.284429;0.853457;0.315247;0.783877;0.273574;0.847696;0.342362;0.741023;0.292631;0.866319;0.36382;0.741428;0.317018;0.8832;0.375515;0.759709;0.343134;0.898012;0.379288;0.785865
0.469933;0.355817;0.303287;0.966217;0.284788;0.903653;0.283046;0.842781;0.306692;0.771353;0.268138;0.824633;0.341479;0.704979;0.286481;0.841724;0.369935;0.69673;0.310903;0.8593;0.385439;0.712622;0.339263;0.875041;0.388199;0.748504
0.482139;0.346129;0.326222;0.964096;0.297418;0.865573;0.271737;0.793379;0.258953;0.696093;0.191956;0.883482;0.220412;0.710171;0.204642;0.909891;0.24565;0.709165;0.231234;0.918288;0.263352;0.722514;0.263941;0.914008;0.280827;0.754526
0.481732;0.345826;0.286877;0.932131;0.280529;0.859575;0.262807;0.795498;0.261033;0.718688;0.201245;0.843775;0.227078;0.750135;0.205288;0.879142;0.257502;0.746043;0.219659;0.906066;0.271646;0.759322;0.241935;0.925468;0.27741;0.79469
0.481518;0.345294;0.291698;0.880035;0.275711;0.835515;0.257068;0.79745;0.279283;0.766547;0.199506;0.885741;0.216476;0.847054;0.211105;0.929979;0.246673;0.838575;0.233292;0.955446;0.297818;0.798914;0.265869;0.964715;0.300009;0.846891
0.483559;0.347106;0.303072;0.859043;0.297691;0.815892;0.291942;0.799931;0.290347;0.786746;0.250717;0.853538;0.219218;0.892992;0.247196;0.887021;0.203639;0.933266;0.250154;0.912072;0.20692;0.960205;0.258461;0.932877;0.229353;0.984222
