face_x;face_y;landmark_x_1;landmark_y_1;landmark_x_2;landmark_y_2;landmark_x_3;landmark_y_3;landmark_x_4;landmark_y_4;landmark_x_5;landmark_y_5;landmark_x_6;landmark_y_6;landmark_x_7;landmark_y_7;landmark_x_8;landmark_y_8;landmark_x_9;landmark_y_9;landmark_x_10;landmark_y_10;landmark_x_11;landmark_y_11;landmark_x_12;landmark_y_12
0.448493;0.168741;0.775327;0.90718;0.805719;0.881872;0.8357;0.874602;0.870407;0.913108;0.878087;0.851343;0.917023;0.930446;0.86722;0.870939;0.909685;0.9589;0.851655;0.895017;0.873091;0.965214;0.83321;0.917459;0.848499;0.959153
0.448868;0.183216;0.765427;0.868705;0.818113;0.897212;0.86005;0.887569;0.897764;0.864179;0.868709;0.773582;0.90226;0.861974;0.843641;0.763556;0.877333;0.874773;0.817865;0.774543;0.837444;0.883989;0.795812;0.793415;0.802799;0.888016
0.441723;0.194086;0.79233;0.651377;0.760873;0.691787;0.749616;0.717124;0.751597;0.776547;0.76924;0.691555;0.748272;0.643893;0.795643;0.662345;0.802732;0.581587;0.818206;0.63583;0.819896;0.551727;0.835074;0.615584;0.839703;0.527938
0.432358;0.216583;0.649847;0.726551;0.611057;0.674709;0.596417;0.619788;0.590638;0.530148;0.61809;0.578057;0.621043;0.554644;0.643465;0.583989;0.643632;0.577875;0.666861;0.597637;0.664251;0.598154;0.688155;0.616671;0.680555;0.613272
0.431375;0.20156;0.504813;0.914963;0.520179;0.86201;0.534658;0.84275;0.55541;0.83654;0.547789;0.852392;0.567603;0.846101;0.55432;0.877277;0.567563;0.870668;0.557348;0.902467;0.566981;0.892199;0.556916;0.92655;0.567875;0.91603
0.434078;0.201336;0.706632;0.790864;0.684292;0.809371;0.675461;0.835616;0.664632;0.878379;0.685349;0.87574;0.671819;0.94105;0.697614;0.878134;0.686172;0.947523;0.707814;0.873921;0.695813;0.933676;0.717281;0.863979;0.706184;0.91081
0.428198;0.210861;0.706154;0.825436;0.68598;0.871062;0.674728;0.923286;0.660034;0.995767;0.692846;0.96156;0.675756;1.01894;0.700775;0.951843;0.684146;1.00962;0.705745;0.938497;0.692311;0.985772;0.709651;0.922514;0.6984;0.963813
0.433016;0.210638;0.701065;0.821631;0.695365;0.877926;0.690839;0.92951;0.677796;1.00493;0.717642;0.954771;0.667802;1.01136;0.71519;0.945768;0.658135;1.00335;0.705663;0.932313;0.655246;0.982679;0.694423;0.917884;0.657683;0.968794
0.428624;0.206916;0.69561;0.823405;0.686289;0.891291;0.686095;0.943335;0.684444;1.00724;0.714003;0.950667;0.709859;1.01925;0.715839;0.936306;0.70568;0.998983;0.710932;0.916949;0.698699;0.952073;0.703889;0.89453;0.693915;0.922021
