face_x;face_y;landmark_x_1;landmark_y_1;landmark_x_2;landmark_y_2;landmark_x_3;landmark_y_3;landmark_x_4;landmark_y_4;landmark_x_5;landmark_y_5;landmark_x_6;landmark_y_6;landmark_x_7;landmark_y_7;landmark_x_8;landmark_y_8;landmark_x_9;landmark_y_9;landmark_x_10;landmark_y_10;landmark_x_11;landmark_y_11;landmark_x_12;landmark_y_12
0.447409;0.154288;0.789205;0.925977;0.763902;0.917037;0.743597;0.903514;0.749913;0.92388;0.800157;0.852646;0.803956;0.922781;0.83394;0.863653;0.842956;0.954528;0.857563;0.884897;0.865207;0.977093;0.872497;0.907866;0.869875;0.983217
0.453855;0.165005;0.78979;0.865824;0.764801;0.84367;0.746726;0.813493;0.733711;0.824186;0.805423;0.777201;0.813603;0.823961;0.833821;0.811354;0.838961;0.858361;0.851692;0.849804;0.833549;0.901946;0.861482;0.885559;0.845552;0.918072
0.438323;0.164004;0.752938;0.781549;0.774106;0.746314;0.79017;0.701616;0.80874;0.637884;0.785637;0.697604;0.797624;0.583014;0.779041;0.715481;0.785131;0.62748;0.769841;0.736619;0.77299;0.697462;0.760916;0.756748;0.763177;0.72876
0.431896;0.178453;0.717399;0.679773;0.697861;0.661827;0.695128;0.636241;0.690082;0.603963;0.715206;0.580795;0.713729;0.467622;0.734838;0.575365;0.750538;0.440368;0.75058;0.579887;0.780066;0.452389;0.761182;0.592907;0.801731;0.514306
0.405146;0.209688;0.66768;0.742593;0.608934;0.705727;0.573935;0.661004;0.53755;0.57917;0.616995;0.592407;0.585569;0.510434;0.653133;0.587073;0.618723;0.519319;0.682823;0.597187;0.647643;0.535026;0.706298;0.616311;0.688253;0.557368
0.414381;0.189076;0.456026;0.350286;0.442158;0.284901;0.43949;0.236548;0.4405;0.185032;0.445954;0.233496;0.443668;0.185407;0.453087;0.251997;0.454679;0.206394;0.460723;0.273786;0.451686;0.248886;0.467039;0.295008;0.455666;0.271536
0.425511;0.17383;0.453657;0.358285;0.436654;0.289481;0.4375;0.24339;0.447418;0.194913;0.441789;0.248711;0.459092;0.19222;0.451158;0.266039;0.469687;0.227506;0.459667;0.287519;0.461771;0.266193;0.466066;0.30943;0.461046;0.290069
0.412194;0.175127;0.455716;0.359946;0.434702;0.309699;0.434055;0.26691;0.452996;0.212401;0.430034;0.261585;0.45837;0.207105;0.444219;0.273498;0.467226;0.248658;0.458388;0.288381;0.465532;0.282903;0.470217;0.303553;0.467048;0.295282
0.407978;0.135887;0.470839;0.324332;0.431563;0.264329;0.418734;0.215403;0.408091;0.153503;0.446586;0.195363;0.428183;0.149142;0.467207;0.20524;0.44752;0.160468;0.487374;0.222555;0.449804;0.205394;0.503886;0.241882;0.467879;0.219423
