face_x;face_y;landmark_x_1;landmark_y_1;landmark_x_2;landmark_y_2;landmark_x_3;landmark_y_3;landmark_x_4;landmark_y_4;landmark_x_5;landmark_y_5;landmark_x_6;landmark_y_6;landmark_x_7;landmark_y_7;landmark_x_8;landmark_y_8;landmark_x_9;landmark_y_9;landmark_x_10;landmark_y_10;landmark_x_11;landmark_y_11;landmark_x_12;landmark_y_12
0.43657;0.11103;0.762586;0.881355;0.735912;0.88626;0.724606;0.902828;0.729659;0.933223;0.77163;0.882306;0.775635;0.915714;0.79671;0.892548;0.808197;0.948321;0.816669;0.9075;0.828826;0.96533;0.830125;0.926118;0.843953;0.976814
0.433756;0.113083;0.752977;0.872501;0.717052;0.853555;0.707969;0.841373;0.718513;0.82861;0.749026;0.863236;0.759826;0.884039;0.778668;0.882473;0.789133;0.904331;0.799323;0.901278;0.800739;0.914116;0.817611;0.916435;0.82372;0.920803
0.426255;0.115748;0.762692;0.783844;0.773408;0.829332;0.785255;0.850839;0.76508;0.820417;0.815721;0.80169;0.813754;0.791929;0.801234;0.764178;0.786091;0.760374;0.781016;0.738197;0.759678;0.743243;0.758009;0.721695;0.73137;0.726385
0.425384;0.124413;0.722597;0.779567;0.697562;0.731569;0.693982;0.686857;0.69572;0.608037;0.742694;0.644353;0.739224;0.569954;0.770434;0.655112;0.771454;0.570027;0.789699;0.682956;0.797939;0.61251;0.800379;0.719655;0.814016;0.672468
0.430366;0.124724;0.714959;0.724181;0.681784;0.678908;0.674467;0.632496;0.666319;0.543786;0.725434;0.582219;0.713537;0.477016;0.756509;0.585012;0.762529;0.481953;0.778566;0.603472;0.790287;0.512528;0.793181;0.63059;0.809555;0.565957
0.431528;0.158839;0.684319;0.768661;0.642742;0.727331;0.626823;0.678669;0.612148;0.583468;0.658463;0.615565;0.622697;0.57546;0.679318;0.617839;0.644346;0.5948;0.695641;0.629929;0.66198;0.607336;0.708043;0.647864;0.676973;0.629818
0.432186;0.156669;0.677425;0.741522;0.702985;0.755756;0.72126;0.77898;0.701342;0.806101;0.734704;0.787232;0.706614;0.7832;0.710496;0.780104;0.681261;0.780835;0.683443;0.774638;0.660535;0.773635;0.658411;0.767963;0.654264;0.770681
0.431562;0.142406;0.706428;0.790424;0.676276;0.820326;0.67146;0.866326;0.688012;0.934796;0.688366;0.856951;0.70181;0.965589;0.710928;0.858149;0.704455;0.962514;0.726404;0.860676;0.704307;0.92484;0.736634;0.862317;0.71269;0.918705
