face_x;face_y;landmark_x_1;landmark_y_1;landmark_x_2;landmark_y_2;landmark_x_3;landmark_y_3;landmark_x_4;landmark_y_4;landmark_x_5;landmark_y_5;landmark_x_6;landmark_y_6;landmark_x_7;landmark_y_7;landmark_x_8;landmark_y_8;landmark_x_9;landmark_y_9;landmark_x_10;landmark_y_10;landmark_x_11;landmark_y_11;landmark_x_12;landmark_y_12
0.405823;0.418327;0.638579;0.972097;0.590603;0.936405;0.567218;0.893913;0.56378;0.826639;0.585791;0.866826;0.612205;0.773684;0.618726;0.875475;0.640057;0.802472;0.649215;0.89348;0.654228;0.843847;0.67383;0.911722;0.675905;0.87814
0.400753;0.42259;0.600476;0.995563;0.561799;0.962374;0.551059;0.898989;0.546936;0.78667;0.580498;0.858621;0.588221;0.689827;0.609252;0.860555;0.613289;0.67737;0.633593;0.87454;0.638171;0.701903;0.65391;0.896547;0.662714;0.760216
0.399366;0.423368;0.612082;0.927664;0.568025;0.896556;0.553169;0.8304;0.544721;0.705901;0.579293;0.767989;0.58912;0.600572;0.60928;0.771429;0.614116;0.58704;0.636609;0.792353;0.64191;0.618027;0.662206;0.825157;0.667979;0.687101
0.390684;0.423569;0.617201;0.859902;0.570424;0.834653;0.553698;0.773104;0.539834;0.652539;0.581788;0.692018;0.587516;0.530265;0.61042;0.692224;0.610652;0.510092;0.636927;0.709073;0.637028;0.530393;0.662165;0.739363;0.661644;0.595227
0.385879;0.424743;0.609695;0.799798;0.566741;0.772936;0.551909;0.712203;0.541412;0.594816;0.581414;0.635606;0.588551;0.478316;0.608938;0.63461;0.613439;0.457085;0.63415;0.650621;0.639101;0.472809;0.658332;0.679139;0.661464;0.533236
0.384627;0.422392;0.604364;0.739474;0.563544;0.720393;0.548508;0.659528;0.535464;0.546632;0.579979;0.58256;0.585617;0.430176;0.606794;0.580944;0.609088;0.408085;0.631442;0.596172;0.634039;0.425478;0.655006;0.624825;0.657944;0.486602
0.377646;0.428158;0.604063;0.702867;0.560943;0.678242;0.544482;0.617062;0.53085;0.506101;0.5725;0.540246;0.583205;0.38878;0.599582;0.53847;0.605901;0.369616;0.625148;0.552801;0.629367;0.387641;0.65104;0.579005;0.652404;0.443403
0.375364;0.427985;0.597902;0.667143;0.553969;0.64254;0.538312;0.582515;0.527499;0.474385;0.566739;0.508066;0.580162;0.360232;0.594227;0.504514;0.60345;0.342089;0.619931;0.516944;0.623413;0.359062;0.645496;0.542036;0.645579;0.411683
0.372418;0.436046;0.690514;0.859135;0.631029;0.827025;0.60362;0.768991;0.562389;0.654662;0.639416;0.661808;0.559919;0.587411;0.663464;0.661003;0.590219;0.603942;0.684391;0.680197;0.614637;0.636228;0.699798;0.709788;0.641149;0.672996
