face_x;face_y;landmark_x_1;landmark_y_1;landmark_x_2;landmark_y_2;landmark_x_3;landmark_y_3;landmark_x_4;landmark_y_4;landmark_x_5;landmark_y_5;landmark_x_6;landmark_y_6;landmark_x_7;landmark_y_7;landmark_x_8;landmark_y_8;landmark_x_9;landmark_y_9;landmark_x_10;landmark_y_10;landmark_x_11;landmark_y_11;landmark_x_12;landmark_y_12
0.3671;0.41121;0.563626;0.961742;0.530876;0.928162;0.52563;0.872208;0.530981;0.770115;0.552123;0.838122;0.568693;0.692161;0.571963;0.838982;0.58522;0.687517;0.587921;0.84719;0.604066;0.700203;0.601238;0.864346;0.612449;0.746265
0.365544;0.412351;0.548702;0.907285;0.51572;0.873451;0.510112;0.815125;0.505073;0.714461;0.5293;0.767786;0.548305;0.631347;0.550473;0.77145;0.566766;0.617471;0.57098;0.786292;0.585175;0.629978;0.590767;0.811817;0.596652;0.691299
0.366338;0.412199;0.540746;0.847417;0.509423;0.818025;0.501228;0.763126;0.493366;0.672641;0.52404;0.706404;0.534733;0.577304;0.543332;0.708504;0.554906;0.560212;0.562013;0.722742;0.572859;0.574257;0.58169;0.747065;0.585173;0.629033
0.365869;0.404944;0.534749;0.794457;0.503588;0.76942;0.494576;0.721427;0.485186;0.638287;0.514205;0.661984;0.526943;0.539679;0.533229;0.661272;0.545137;0.525817;0.551514;0.672741;0.562393;0.537496;0.570502;0.693127;0.575537;0.582115
0.363634;0.406837;0.522397;0.756819;0.493884;0.739812;0.484537;0.69664;0.476814;0.615105;0.5021;0.635201;0.514261;0.516552;0.520817;0.632415;0.534135;0.499954;0.539097;0.641358;0.548384;0.510162;0.558361;0.659042;0.563051;0.557284
0.359138;0.412723;0.517046;0.729893;0.486703;0.713686;0.475195;0.673838;0.465973;0.598611;0.492645;0.61125;0.503027;0.496637;0.511297;0.606237;0.523776;0.481798;0.529113;0.612784;0.537137;0.489615;0.547439;0.627707;0.550802;0.532121
0.339779;0.408171;0.522162;0.802317;0.468203;0.786518;0.449637;0.760076;0.4386;0.708632;0.458386;0.693682;0.454313;0.672638;0.483439;0.678632;0.474643;0.670752;0.507777;0.679729;0.496985;0.674006;0.53134;0.687566;0.519277;0.68572
