face_x;face_y;landmark_x_1;landmark_y_1;landmark_x_2;landmark_y_2;landmark_x_3;landmark_y_3;landmark_x_4;landmark_y_4;landmark_x_5;landmark_y_5;landmark_x_6;landmark_y_6;landmark_x_7;landmark_y_7;landmark_x_8;landmark_y_8;landmark_x_9;landmark_y_9;landmark_x_10;landmark_y_10;landmark_x_11;landmark_y_11;landmark_x_12;landmark_y_12
0.458084;0.201617;0.783304;0.901289;0.777045;0.887819;0.778577;0.884705;0.794909;0.903991;0.804178;0.858491;0.821342;0.909411;0.82505;0.869634;0.856001;0.94647;0.840564;0.887901;0.867916;0.963951;0.850058;0.905032;0.869703;0.971556
0.451699;0.214596;0.750977;0.881333;0.787425;0.860683;0.809238;0.830846;0.832489;0.791588;0.807832;0.815893;0.816594;0.758236;0.79594;0.828518;0.794956;0.775104;0.780485;0.845847;0.77879;0.809676;0.762855;0.868194;0.755656;0.849003
0.451728;0.210211;0.72306;0.752264;0.765769;0.743182;0.793373;0.701651;0.807278;0.626343;0.786886;0.646273;0.799296;0.56163;0.761025;0.640108;0.755755;0.54122;0.734968;0.647721;0.73251;0.580899;0.707398;0.666055;0.700909;0.607923
0.441301;0.213079;0.708085;0.692187;0.678659;0.650338;0.673235;0.602621;0.672456;0.515539;0.721374;0.54992;0.720465;0.442423;0.749129;0.555789;0.759446;0.44412;0.768419;0.577681;0.787267;0.478225;0.780087;0.610409;0.805136;0.541129
0.451363;0.220623;0.66304;0.682413;0.626842;0.631664;0.611813;0.575773;0.598843;0.475478;0.642398;0.529675;0.632335;0.420687;0.666725;0.529657;0.656427;0.422256;0.68822;0.540177;0.680307;0.438862;0.707584;0.558314;0.737897;0.465754
0.446705;0.198862;0.670191;0.744025;0.635266;0.689214;0.623919;0.635476;0.611286;0.554804;0.650965;0.597798;0.629647;0.546899;0.67311;0.604058;0.649605;0.562865;0.691669;0.620989;0.664136;0.58334;0.707348;0.644423;0.688649;0.606177
0.446556;0.197784;0.674663;0.704616;0.674075;0.726547;0.678383;0.756265;0.670516;0.807628;0.697242;0.798402;0.670224;0.87219;0.690318;0.807097;0.638531;0.838743;0.681076;0.80626;0.630491;0.801534;0.672895;0.800358;0.651392;0.818176
