face_x;face_y;landmark_x_1;landmark_y_1;landmark_x_2;landmark_y_2;landmark_x_3;landmark_y_3;landmark_x_4;landmark_y_4;landmark_x_5;landmark_y_5;landmark_x_6;landmark_y_6;landmark_x_7;landmark_y_7;landmark_x_8;landmark_y_8;landmark_x_9;landmark_y_9;landmark_x_10;landmark_y_10;landmark_x_11;landmark_y_11;landmark_x_12;landmark_y_12
0.452003;0.132874;0.764107;0.912454;0.796746;0.887189;0.819636;0.879702;0.838975;0.885768;0.805046;0.936918;0.81156;0.916244;0.785418;0.951072;0.780783;0.927515;0.767234;0.957284;0.75514;0.919955;0.753677;0.95559;0.736567;0.926621
0.452644;0.136287;0.758958;0.841899;0.794141;0.827605;0.808002;0.788854;0.79603;0.708296;0.808595;0.727998;0.794208;0.644782;0.783894;0.72824;0.759841;0.678882;0.76086;0.744272;0.737525;0.725014;0.738301;0.767279;0.716703;0.750443
0.448096;0.186831;0.466082;0.658888;0.487602;0.596197;0.510666;0.552353;0.559196;0.520635;0.539495;0.564174;0.626697;0.526382;0.549696;0.59885;0.567823;0.583917;0.554098;0.631203;0.570676;0.614874;0.55465;0.660545;0.567556;0.639138
0.444693;0.156598;0.69264;0.703961;0.652536;0.645668;0.641297;0.587779;0.637478;0.485977;0.684522;0.549522;0.661353;0.491134;0.715544;0.553166;0.682226;0.502387;0.74092;0.56938;0.712721;0.518782;0.761723;0.594652;0.751696;0.539531
0.444489;0.153504;0.718394;0.741834;0.670267;0.699822;0.656711;0.646116;0.647022;0.543255;0.692556;0.623059;0.673231;0.575822;0.721893;0.627955;0.700634;0.587772;0.746485;0.640143;0.726798;0.599035;0.768417;0.658826;0.757507;0.617465
0.447634;0.150171;0.73611;0.716624;0.714724;0.702852;0.699703;0.69433;0.698313;0.706192;0.702989;0.718128;0.693179;0.766948;0.719286;0.747054;0.711507;0.819576;0.73379;0.77105;0.731904;0.849908;0.748063;0.785059;0.752509;0.85782
0.440355;0.140696;0.714709;0.825432;0.693979;0.867581;0.692576;0.898999;0.688766;0.934022;0.719619;0.939969;0.733568;1.00295;0.729894;0.931282;0.745974;1.00555;0.736244;0.917725;0.748634;0.975771;0.740796;0.901379;0.756983;0.946902
0.448079;0.132504;0.722663;0.838384;0.69948;0.881969;0.697195;0.927953;0.699476;0.996776;0.72323;0.944712;0.720823;1.01268;0.73526;0.939334;0.739598;1.01784;0.742581;0.932887;0.745936;1.00523;0.746961;0.926171;0.747779;0.985114
0.44588;0.128571;0.726829;0.844985;0.714345;0.879776;0.711904;0.911801;0.710781;0.956402;0.724182;0.928264;0.721242;0.983616;0.730661;0.92323;0.729512;0.986732;0.733192;0.914475;0.729614;0.968508;0.734692;0.903797;0.731551;0.949247
