face_x;face_y;landmark_x_1;landmark_y_1;landmark_x_2;landmark_y_2;landmark_x_3;landmark_y_3;landmark_x_4;landmark_y_4;landmark_x_5;landmark_y_5;landmark_x_6;landmark_y_6;landmark_x_7;landmark_y_7;landmark_x_8;landmark_y_8;landmark_x_9;landmark_y_9;landmark_x_10;landmark_y_10;landmark_x_11;landmark_y_11;landmark_x_12;landmark_y_12
0.42495;0.292611;0.427123;1.05556;0.398508;1.03736;0.369884;1.00829;0.345615;0.942659;0.384081;1.0597;0.373434;0.929699;0.413473;1.06546;0.405082;0.889362;0.441439;1.06208;0.430916;0.891784;0.465113;1.05198;0.46034;0.919208
0.420706;0.297254;0.442917;1.0363;0.402062;1.00996;0.382217;0.960187;0.35593;0.872906;0.412539;0.938832;0.402975;0.784174;0.438728;0.94769;0.430987;0.769528;0.462705;0.966038;0.462162;0.798578;0.482773;0.989185;0.499266;0.867909
0.421945;0.288038;0.466259;0.998479;0.418825;0.970409;0.395809;0.910652;0.381223;0.802268;0.421837;0.8634;0.419462;0.697529;0.448665;0.866119;0.448228;0.686649;0.47485;0.880434;0.476347;0.712373;0.49956;0.904499;0.504991;0.776194
0.420124;0.290458;0.470932;0.936512;0.428612;0.911249;0.40839;0.849482;0.393244;0.739595;0.436164;0.791786;0.436823;0.632158;0.461091;0.795479;0.457771;0.619012;0.484763;0.812807;0.486955;0.642021;0.508607;0.841552;0.515984;0.704129
0.422882;0.285135;0.483033;0.875371;0.440131;0.851977;0.420737;0.79204;0.40325;0.689144;0.44609;0.731391;0.451749;0.570779;0.470721;0.731044;0.47352;0.554909;0.494875;0.744754;0.496249;0.577622;0.519769;0.769119;0.523279;0.637754
0.419977;0.288984;0.483104;0.823709;0.442632;0.805005;0.426793;0.748793;0.409231;0.648383;0.453759;0.685334;0.459127;0.527292;0.479517;0.682613;0.480185;0.511824;0.503715;0.69408;0.504324;0.531369;0.527291;0.717377;0.53218;0.585256
0.423241;0.286107;0.5253;0.886399;0.474432;0.835901;0.451045;0.759274;0.419054;0.641039;0.487343;0.689688;0.469815;0.519831;0.511056;0.6976;0.494765;0.511669;0.529565;0.717151;0.517927;0.531578;0.54539;0.748314;0.538978;0.601945
