face_x;face_y;landmark_x_1;landmark_y_1;landmark_x_2;landmark_y_2;landmark_x_3;landmark_y_3;landmark_x_4;landmark_y_4;landmark_x_5;landmark_y_5;landmark_x_6;landmark_y_6;landmark_x_7;landmark_y_7;landmark_x_8;landmark_y_8;landmark_x_9;landmark_y_9;landmark_x_10;landmark_y_10;landmark_x_11;landmark_y_11;landmark_x_12;landmark_y_12
0.380515;0.425451;0.46017;1.03366;0.416156;0.996094;0.401882;0.947062;0.403449;0.852767;0.42413;0.941216;0.422565;0.790538;0.454593;0.943507;0.449496;0.778798;0.480079;0.950102;0.471303;0.800616;0.499589;0.959423;0.488595;0.847473
0.377332;0.424232;0.452452;0.989355;0.411772;0.951252;0.404076;0.892415;0.409012;0.785163;0.436638;0.854959;0.449193;0.69582;0.461459;0.863;0.470494;0.685306;0.483343;0.880396;0.492019;0.712451;0.502271;0.904736;0.507593;0.771563
0.373105;0.425252;0.447318;0.926728;0.412054;0.898891;0.406487;0.842085;0.42167;0.74729;0.436963;0.783343;0.456906;0.636319;0.462353;0.787416;0.479954;0.619918;0.483568;0.805063;0.501538;0.642886;0.502223;0.833895;0.515809;0.711341
0.372829;0.425805;0.445698;0.878053;0.415631;0.844785;0.412215;0.784552;0.420227;0.687265;0.440553;0.732076;0.465293;0.582588;0.463724;0.737123;0.48996;0.573091;0.48349;0.754729;0.50781;0.595694;0.501672;0.783145;0.52093;0.6599
0.372308;0.431594;0.448499;0.834546;0.417858;0.804805;0.413128;0.745718;0.420866;0.65483;0.443027;0.686936;0.470993;0.551367;0.465296;0.689557;0.494626;0.539307;0.483811;0.704326;0.508389;0.557026;0.501231;0.729759;0.519089;0.612696
0.3646;0.43302;0.450051;0.800834;0.419632;0.768628;0.414177;0.70987;0.422046;0.624625;0.44328;0.653806;0.475932;0.524781;0.463687;0.656851;0.497509;0.514349;0.481411;0.670857;0.510001;0.532638;0.49892;0.694341;0.518763;0.583975
0.366242;0.430052;0.448041;0.763648;0.419745;0.734663;0.417133;0.681335;0.426077;0.603184;0.444338;0.629824;0.477596;0.511101;0.463404;0.631631;0.497957;0.496481;0.480306;0.643997;0.508547;0.509676;0.496893;0.66562;0.514327;0.556557
0.369616;0.433031;0.450738;0.875401;0.407502;0.823227;0.39437;0.757301;0.388486;0.644832;0.450647;0.687807;0.428182;0.533486;0.474123;0.69345;0.45257;0.524231;0.491213;0.708436;0.476744;0.539129;0.503512;0.733451;0.496594;0.585954
0.367532;0.431262;0.456765;0.956108;0.411924;0.912768;0.393757;0.842084;0.371676;0.727528;0.444013;0.778483;0.432922;0.668078;0.47125;0.784423;0.465211;0.650969;0.493154;0.802745;0.489996;0.670619;0.50975;0.830236;0.510549;0.724381
