face_x;face_y;landmark_x_1;landmark_y_1;landmark_x_2;landmark_y_2;landmark_x_3;landmark_y_3;landmark_x_4;landmark_y_4;landmark_x_5;landmark_y_5;landmark_x_6;landmark_y_6;landmark_x_7;landmark_y_7;landmark_x_8;landmark_y_8;landmark_x_9;landmark_y_9;landmark_x_10;landmark_y_10;landmark_x_11;landmark_y_11;landmark_x_12;landmark_y_12
0.461662;0.220582;0.778734;0.913438;0.748261;0.896523;0.730604;0.883695;0.755776;0.886218;0.779157;0.828352;0.792755;0.872667;0.811542;0.838505;0.837084;0.895784;0.835156;0.860749;0.853566;0.935423;0.847945;0.883936;0.857913;0.945847
0.458281;0.221943;0.486322;0.840416;0.523934;0.801528;0.558834;0.79508;0.613229;0.805062;0.586584;0.839954;0.660003;0.845232;0.576535;0.872662;0.617387;0.850892;0.562292;0.898603;0.598309;0.878358;0.544694;0.920913;0.579362;0.90115
0.452449;0.223724;0.708713;0.846107;0.664089;0.789042;0.649562;0.721461;0.640549;0.608796;0.700041;0.687079;0.674579;0.6718;0.730799;0.697775;0.697047;0.69139;0.754683;0.71547;0.721447;0.708091;0.771805;0.736825;0.744257;0.736185
0.449138;0.210154;0.695603;0.722241;0.716069;0.743621;0.72526;0.774196;0.727968;0.826267;0.74052;0.788975;0.741558;0.891834;0.729511;0.79367;0.727052;0.899187;0.715353;0.796852;0.709052;0.892493;0.69942;0.798464;0.694017;0.867077
0.450658;0.210608;0.698564;0.731591;0.719939;0.74457;0.731;0.769631;0.733182;0.814183;0.736173;0.794501;0.735861;0.868242;0.724867;0.799344;0.718134;0.856425;0.711916;0.800437;0.706216;0.828637;0.698611;0.798551;0.695845;0.819051
0.451491;0.20701;0.704109;0.742237;0.720402;0.7636;0.730189;0.787107;0.736157;0.816624;0.726305;0.803238;0.722402;0.803342;0.716466;0.798527;0.708787;0.799721;0.706848;0.789903;0.704219;0.785089;0.698226;0.781223;0.698968;0.775696
