face_x;face_y;landmark_x_1;landmark_y_1;landmark_x_2;landmark_y_2;landmark_x_3;landmark_y_3;landmark_x_4;landmark_y_4;landmark_x_5;landmark_y_5;landmark_x_6;landmark_y_6;landmark_x_7;landmark_y_7;landmark_x_8;landmark_y_8;landmark_x_9;landmark_y_9;landmark_x_10;landmark_y_10;landmark_x_11;landmark_y_11;landmark_x_12;landmark_y_12
0.364148;0.462316;0.483802;1.04362;0.436729;1.01804;0.415753;0.964949;0.403792;0.862842;0.453946;0.91938;0.47553;0.744726;0.485973;0.927525;0.509099;0.737592;0.514378;0.948486;0.534209;0.767146;0.539546;0.975971;0.561575;0.834665
0.363747;0.463223;0.483039;1.0076;0.438948;0.966308;0.422706;0.902852;0.418458;0.781857;0.462468;0.839406;0.49186;0.669398;0.491757;0.847094;0.511812;0.66234;0.518401;0.867789;0.536809;0.692359;0.54377;0.899523;0.571649;0.764799
0.363601;0.463219;0.489378;0.931568;0.447165;0.900271;0.431453;0.836607;0.424349;0.718216;0.467923;0.76685;0.495487;0.610875;0.496214;0.771173;0.5177;0.603469;0.521651;0.790802;0.539937;0.62918;0.545846;0.822155;0.56821;0.699106
0.368136;0.451531;0.490437;0.871464;0.448754;0.840296;0.436953;0.778373;0.43136;0.664966;0.470447;0.710869;0.498946;0.565323;0.498709;0.71534;0.522044;0.558389;0.524024;0.733789;0.540921;0.581455;0.547605;0.763186;0.562249;0.638881
0.368405;0.450355;0.487971;0.819434;0.450041;0.794013;0.437704;0.734131;0.436104;0.625608;0.469229;0.665062;0.502516;0.527473;0.49685;0.667459;0.524007;0.522416;0.521311;0.683855;0.541244;0.544033;0.544363;0.711735;0.560551;0.595779
0.367865;0.44905;0.48756;0.776913;0.450744;0.750257;0.438527;0.694725;0.437201;0.593371;0.469448;0.63008;0.50214;0.499585;0.495554;0.631955;0.524867;0.493775;0.519049;0.647026;0.540433;0.513636;0.541203;0.67295;0.558857;0.559711
