face_x;face_y;landmark_x_1;landmark_y_1;landmark_x_2;landmark_y_2;landmark_x_3;landmark_y_3;landmark_x_4;landmark_y_4;landmark_x_5;landmark_y_5;landmark_x_6;landmark_y_6;landmark_x_7;landmark_y_7;landmark_x_8;landmark_y_8;landmark_x_9;landmark_y_9;landmark_x_10;landmark_y_10;landmark_x_11;landmark_y_11;landmark_x_12;landmark_y_12
0.457752;0.225427;0.807963;0.9229;0.838648;0.944655;0.864877;0.947634;0.892233;0.961943;0.862944;0.87828;0.876733;0.951761;0.84107;0.869448;0.849664;0.953583;0.818166;0.871098;0.816349;0.951916;0.798196;0.878653;0.787247;0.934697
0.440562;0.250092;0.792902;0.865058;0.759731;0.888897;0.733995;0.892215;0.717378;0.90145;0.763769;0.789821;0.770378;0.749834;0.802724;0.780107;0.82105;0.728647;0.836163;0.788807;0.86533;0.745923;0.862374;0.809692;0.891114;0.785375
0.430882;0.251707;0.738443;0.799065;0.775438;0.763931;0.802295;0.723432;0.825911;0.649773;0.787861;0.671776;0.80734;0.546091;0.766515;0.677645;0.790415;0.553947;0.745025;0.698684;0.751844;0.608779;0.721554;0.72474;0.711981;0.648363
0.438807;0.247734;0.702043;0.706544;0.673034;0.657893;0.670727;0.606248;0.6707;0.524155;0.726232;0.547772;0.731423;0.446805;0.750317;0.559854;0.760501;0.468109;0.768016;0.585534;0.780869;0.510107;0.777825;0.620469;0.797433;0.550956
0.437592;0.25882;0.689676;0.664283;0.659795;0.62191;0.653262;0.567979;0.648596;0.485161;0.707316;0.517819;0.705443;0.40601;0.734734;0.52281;0.748464;0.409672;0.754302;0.542822;0.777747;0.446762;0.765822;0.574344;0.801629;0.506543
0.42827;0.26342;0.677393;0.633288;0.647303;0.593048;0.639963;0.543655;0.632229;0.458966;0.688604;0.486628;0.688349;0.369913;0.714369;0.489076;0.732143;0.367811;0.732767;0.508195;0.762585;0.398357;0.74444;0.538781;0.796231;0.461648
0.423374;0.257754;0.68241;0.777524;0.633773;0.722964;0.618506;0.660703;0.598382;0.541193;0.651406;0.595826;0.626581;0.553481;0.682647;0.593335;0.652276;0.579181;0.708484;0.602899;0.675267;0.591884;0.729688;0.621164;0.701023;0.607951
0.427499;0.253478;0.678113;0.808614;0.632932;0.74174;0.621732;0.672772;0.601868;0.565039;0.660752;0.645814;0.625248;0.59136;0.684637;0.658614;0.646425;0.625929;0.704178;0.682057;0.663359;0.655535;0.721014;0.711664;0.688754;0.690887
