face_x;face_y;landmark_x_1;landmark_y_1;landmark_x_2;landmark_y_2;landmark_x_3;landmark_y_3;landmark_x_4;landmark_y_4;landmark_x_5;landmark_y_5;landmark_x_6;landmark_y_6;landmark_x_7;landmark_y_7;landmark_x_8;landmark_y_8;landmark_x_9;landmark_y_9;landmark_x_10;landmark_y_10;landmark_x_11;landmark_y_11;landmark_x_12;landmark_y_12
0.416206;0.306613;0.434917;1.04869;0.390425;1.00384;0.375505;0.948007;0.365763;0.839522;0.4046;0.918386;0.405271;0.744668;0.430572;0.932764;0.428844;0.744197;0.455258;0.958028;0.466327;0.777723;0.47676;0.99077;0.505205;0.860614
0.420219;0.304723;0.429901;0.974286;0.385524;0.937766;0.376513;0.874068;0.378521;0.765155;0.407733;0.836092;0.413943;0.669791;0.435196;0.842002;0.445195;0.661097;0.460153;0.861219;0.476016;0.687062;0.483188;0.892526;0.512606;0.762204
0.425897;0.295256;0.435231;0.900876;0.399488;0.867164;0.393018;0.804453;0.395003;0.694562;0.418934;0.749539;0.436781;0.587009;0.443052;0.755813;0.461431;0.575767;0.465343;0.776519;0.490749;0.602076;0.486591;0.810253;0.519992;0.67941
0.42237;0.299311;0.443836;0.831909;0.408142;0.803391;0.401027;0.743887;0.409417;0.637362;0.428595;0.687935;0.4506;0.532675;0.452308;0.69151;0.474633;0.519517;0.473588;0.70886;0.500146;0.543609;0.493176;0.7377;0.520942;0.610346
0.420198;0.294694;0.45341;0.773282;0.414993;0.745653;0.406659;0.690786;0.417702;0.587435;0.43163;0.643408;0.457295;0.481043;0.455474;0.64792;0.483881;0.465564;0.477615;0.663138;0.507251;0.492184;0.498181;0.686508;0.518594;0.552384
0.407783;0.299163;0.451749;0.852007;0.421395;0.809455;0.406821;0.747715;0.387777;0.617242;0.425556;0.637497;0.410033;0.485892;0.440836;0.619547;0.420514;0.4619;0.454875;0.619;0.439313;0.480781;0.467035;0.634902;0.456835;0.520976
