face_x;face_y;landmark_x_1;landmark_y_1;landmark_x_2;landmark_y_2;landmark_x_3;landmark_y_3;landmark_x_4;landmark_y_4;landmark_x_5;landmark_y_5;landmark_x_6;landmark_y_6;landmark_x_7;landmark_y_7;landmark_x_8;landmark_y_8;landmark_x_9;landmark_y_9;landmark_x_10;landmark_y_10;landmark_x_11;landmark_y_11;landmark_x_12;landmark_y_12
0.437634;0.279401;0.318005;0.980646;0.29897;0.959537;0.280425;0.957621;0.258543;0.960716;0.259219;0.983745;0.248053;0.979034;0.263309;0.989593;0.247248;0.981961;0.269054;0.992128;0.258151;0.983164;0.276421;0.992032;0.262426;0.983247
0.433213;0.281061;0.3263;0.90893;0.35392;0.876527;0.359426;0.853581;0.358804;0.854857;0.316924;0.809648;0.301345;0.763663;0.297113;0.837819;0.290227;0.80589;0.286689;0.875627;0.284261;0.866603;0.281542;0.912841;0.287673;0.911882
0.428171;0.283219;0.407009;0.979216;0.36913;0.939812;0.349521;0.889214;0.325116;0.82189;0.355968;0.863662;0.348977;0.742823;0.372929;0.868382;0.373519;0.746055;0.389846;0.880662;0.398181;0.760656;0.405041;0.899283;0.42206;0.803877
0.425551;0.280891;0.414696;0.866393;0.377068;0.836606;0.361743;0.770891;0.342943;0.675345;0.382932;0.747753;0.370358;0.597273;0.407878;0.749984;0.398499;0.581004;0.43091;0.764412;0.427645;0.599439;0.451806;0.789136;0.455715;0.667339
0.424333;0.286439;0.440474;0.838399;0.39021;0.801295;0.373228;0.731721;0.359744;0.6255;0.389832;0.699907;0.402453;0.535462;0.414059;0.701285;0.427855;0.511546;0.436198;0.713039;0.445066;0.541202;0.456982;0.733806;0.465022;0.610729
0.409922;0.28866;0.505503;0.854695;0.451745;0.818171;0.394117;0.790819;0.326893;0.831066;0.42132;0.763848;0.34361;0.828733;0.447283;0.801662;0.379627;0.889963;0.470822;0.852896;0.416956;0.922773;0.488934;0.907441;0.440843;0.944234
