face_x;face_y;landmark_x_1;landmark_y_1;landmark_x_2;landmark_y_2;landmark_x_3;landmark_y_3;landmark_x_4;landmark_y_4;landmark_x_5;landmark_y_5;landmark_x_6;landmark_y_6;landmark_x_7;landmark_y_7;landmark_x_8;landmark_y_8;landmark_x_9;landmark_y_9;landmark_x_10;landmark_y_10;landmark_x_11;landmark_y_11;landmark_x_12;landmark_y_12
0.471522;0.206734;0.785533;0.931485;0.814045;0.954077;0.841098;0.95912;0.869258;0.958077;0.851431;0.886557;0.857523;0.945077;0.837748;0.873342;0.838837;0.946003;0.820631;0.872132;0.816934;0.943311;0.804281;0.874912;0.804121;0.935963
0.460219;0.219876;0.753115;0.848578;0.78526;0.831003;0.804856;0.810624;0.824535;0.77639;0.818085;0.799829;0.842586;0.738561;0.811129;0.799644;0.832217;0.732474;0.800891;0.800943;0.819423;0.740406;0.788071;0.804306;0.801269;0.75583
0.45746;0.227096;0.756769;0.692749;0.739418;0.657894;0.742082;0.61421;0.764161;0.553753;0.775181;0.596083;0.768581;0.545873;0.793122;0.60425;0.782177;0.547007;0.806691;0.620422;0.792215;0.564812;0.814493;0.637261;0.807799;0.5868
0.454778;0.241027;0.713905;0.652696;0.689016;0.615993;0.681011;0.571277;0.681641;0.506369;0.711141;0.516582;0.713779;0.411901;0.733615;0.51873;0.753334;0.402922;0.751957;0.532939;0.777846;0.430453;0.767517;0.556058;0.803008;0.482536
0.45114;0.207816;0.465609;0.857526;0.502625;0.842868;0.534408;0.834561;0.573987;0.82664;0.542494;0.837723;0.596641;0.870336;0.530251;0.839532;0.596625;0.86848;0.515581;0.843522;0.574931;0.865732;0.497941;0.846834;0.53904;0.859201
0.471979;0.216877;6.88479e-39;5.83462e-39;4.67902e-39;4.35178e-39;2.24423e-39;2.92894e-39;-4.59177e-41;1.65181e-39;4.19688e-39;5.14034e-39;5.25758e-39;3.56322e-39;6.25802e-39;6.13461e-39;8.87963e-39;4.56606e-39;8.23477e-39;6.88889e-39;1.16158e-38;4.92606e-39;9.89212e-39;7.30031e-39;1.29235e-38;5.53462e-39
