face_x;face_y;landmark_x_1;landmark_y_1;landmark_x_2;landmark_y_2;landmark_x_3;landmark_y_3;landmark_x_4;landmark_y_4;landmark_x_5;landmark_y_5;landmark_x_6;landmark_y_6;landmark_x_7;landmark_y_7;landmark_x_8;landmark_y_8;landmark_x_9;landmark_y_9;landmark_x_10;landmark_y_10;landmark_x_11;landmark_y_11;landmark_x_12;landmark_y_12
0.461598;0.219939;0.746597;0.926169;0.726756;0.911175;0.712873;0.902331;0.708908;0.907119;0.755401;0.862743;0.765611;0.94041;0.780292;0.864485;0.787583;0.956083;0.79932;0.879694;0.797145;0.967362;0.812131;0.898163;0.812837;0.977241
0.460015;0.230322;0.750958;0.874757;0.723889;0.875775;0.698952;0.873042;0.718108;0.875902;0.735234;0.810799;0.75254;0.84647;0.767006;0.812291;0.790659;0.857301;0.791554;0.826581;0.801798;0.89359;0.807079;0.84509;0.809955;0.89644
0.458799;0.241161;0.747437;0.792519;0.780975;0.813243;0.801634;0.822057;0.78778;0.787967;0.782371;0.767891;0.783198;0.78584;0.753058;0.751393;0.75774;0.787641;0.728937;0.744992;0.739538;0.797886;0.712065;0.748732;0.714276;0.810044
0.443564;0.260989;0.421783;0.77292;0.455072;0.733436;0.483153;0.717402;0.537947;0.696992;0.50883;0.736612;0.563451;0.717045;0.506352;0.762225;0.532904;0.742758;0.500959;0.786058;0.523624;0.760326;0.492911;0.805779;0.516331;0.779078
0.430502;0.270643;0.662095;0.758008;0.625221;0.709366;0.614143;0.658638;0.601845;0.565289;0.650961;0.605343;0.633819;0.559085;0.676492;0.606467;0.648068;0.569113;0.695383;0.617491;0.668477;0.582423;0.709979;0.634345;0.689035;0.603715
0.43037;0.258676;0.427711;0.964843;0.456622;0.936701;0.484896;0.926784;0.517221;0.914256;0.516667;0.93903;0.551725;0.925831;0.519568;0.950964;0.548289;0.93484;0.514992;0.959705;0.536088;0.940823;0.504105;0.96473;0.521081;0.95093
0.427548;0.256852;0.685003;0.857756;0.667701;0.887161;0.662629;0.915453;0.660321;0.95549;0.678629;0.947512;0.689413;0.991582;0.690572;0.9392;0.700849;0.972773;0.69873;0.926277;0.696914;0.932603;0.705713;0.910722;0.705838;0.921729
0.435507;0.252393;0.67955;0.85899;0.679304;0.906256;0.683399;0.944459;0.686003;0.99828;0.690939;0.945164;0.683393;0.98443;0.686536;0.932373;0.678927;0.975573;0.680396;0.919491;0.672028;0.954516;0.674461;0.906585;0.671333;0.936722
