face_x;face_y;landmark_x_1;landmark_y_1;landmark_x_2;landmark_y_2;landmark_x_3;landmark_y_3;landmark_x_4;landmark_y_4;landmark_x_5;landmark_y_5;landmark_x_6;landmark_y_6;landmark_x_7;landmark_y_7;landmark_x_8;landmark_y_8;landmark_x_9;landmark_y_9;landmark_x_10;landmark_y_10;landmark_x_11;landmark_y_11;landmark_x_12;landmark_y_12
0.451234;0.214187;0.722835;0.919512;0.742643;0.941081;0.764058;0.944061;0.805907;0.947719;0.783741;0.88502;0.802917;0.945171;0.786696;0.875544;0.802971;0.958006;0.785708;0.876356;0.794893;0.952782;0.781353;0.878459;0.784399;0.93757
0.450456;0.215743;0.721732;0.871278;0.748913;0.91608;0.784522;0.922114;0.815419;0.879876;0.800078;0.863427;0.815386;0.872869;0.780178;0.832298;0.794127;0.862047;0.757333;0.811508;0.764198;0.854874;0.735469;0.801127;0.735936;0.834959
0.449332;0.231121;0.730287;0.825236;0.754355;0.803759;0.767119;0.7765;0.772916;0.733422;0.774206;0.758878;0.776955;0.719774;0.764471;0.756673;0.767539;0.719911;0.754204;0.757547;0.760694;0.726202;0.743567;0.761513;0.752015;0.732286
0.448187;0.240819;0.682023;0.747512;0.646849;0.696001;0.635385;0.64421;0.630976;0.556965;0.669109;0.616454;0.652571;0.603471;0.694714;0.621391;0.66949;0.618932;0.715005;0.632346;0.689616;0.629608;0.731555;0.644912;0.709406;0.64373
0.452559;0.210998;0.676957;0.737386;0.666951;0.740964;0.665466;0.747958;0.664505;0.759609;0.671891;0.757647;0.681631;0.768622;0.677825;0.755272;0.680017;0.749514;0.682007;0.748323;0.68491;0.750366;0.68566;0.740519;0.687034;0.743236
0.45709;0.218736;0.674933;0.74282;0.673197;0.740698;0.673983;0.741853;0.675532;0.741593;0.672642;0.751024;0.675431;0.743392;0.673753;0.751714;0.677179;0.744347;0.675046;0.750526;0.67847;0.745117;0.676431;0.74878;0.678436;0.748706
