face_x;face_y;landmark_x_1;landmark_y_1;landmark_x_2;landmark_y_2;landmark_x_3;landmark_y_3;landmark_x_4;landmark_y_4;landmark_x_5;landmark_y_5;landmark_x_6;landmark_y_6;landmark_x_7;landmark_y_7;landmark_x_8;landmark_y_8;landmark_x_9;landmark_y_9;landmark_x_10;landmark_y_10;landmark_x_11;landmark_y_11;landmark_x_12;landmark_y_12
0.458992;0.222487;3.91965e-39;6.66603e-39;1.90673e-39;4.26606e-39;7.25501e-40;2.16609e-39;-5.52161e-40;-1.06529e-39;5.02857e-39;5.61176e-39;7.98768e-39;4.55749e-39;6.95109e-39;6.46032e-39;1.08805e-38;4.65177e-39;8.33723e-39;7.02603e-39;1.25439e-38;4.78892e-39;9.36177e-39;7.14603e-39;1.2797e-38;4.61749e-39
0.444068;0.210765;0.77951;0.941123;0.803525;0.932563;0.826673;0.924966;0.850518;0.933924;0.848647;0.890002;0.875357;0.918171;0.84535;0.894837;0.875151;0.946495;0.838431;0.907739;0.858541;0.964078;0.828581;0.922308;0.843935;0.965573
0.437588;0.203567;0.768088;0.886853;0.757055;0.866482;0.766822;0.839537;0.814398;0.817376;0.813425;0.849867;0.839298;0.814738;0.835907;0.858487;0.858191;0.811775;0.851779;0.866603;0.865446;0.823615;0.861162;0.870853;0.866811;0.835647
0.447107;0.215381;0.493529;0.902379;0.506232;0.860317;0.52773;0.833434;0.567154;0.811836;0.564585;0.862648;0.613539;0.865549;0.561004;0.89071;0.566371;0.871814;0.549154;0.918215;0.537589;0.897402;0.533022;0.944432;0.52915;0.92835
0.422121;0.257259;0.673193;0.777156;0.635811;0.732759;0.619797;0.687023;0.609646;0.610317;0.639692;0.634581;0.627682;0.58462;0.662856;0.639403;0.649949;0.61671;0.684048;0.654104;0.667902;0.647712;0.702378;0.675848;0.683749;0.67938
0.434461;0.23158;0.663525;0.727818;0.653437;0.751376;0.65293;0.770504;0.658874;0.786243;0.653593;0.775842;0.659687;0.805235;0.660251;0.769294;0.663154;0.803539;0.667211;0.761097;0.669093;0.779191;0.673568;0.752823;0.674447;0.768873
