face_x;face_y;landmark_x_1;landmark_y_1;landmark_x_2;landmark_y_2;landmark_x_3;landmark_y_3;landmark_x_4;landmark_y_4;landmark_x_5;landmark_y_5;landmark_x_6;landmark_y_6;landmark_x_7;landmark_y_7;landmark_x_8;landmark_y_8;landmark_x_9;landmark_y_9;landmark_x_10;landmark_y_10;landmark_x_11;landmark_y_11;landmark_x_12;landmark_y_12
0.374035;0.42766;0.467291;1.00255;0.428826;0.986557;0.404515;0.956388;0.391707;0.898801;0.413718;0.966522;0.435107;0.821241;0.445584;0.979844;0.462468;0.807197;0.47729;0.993792;0.49205;0.82689;0.506174;1.00529;0.523409;0.889326
0.371824;0.434143;0.452865;1.02908;0.409288;0.993976;0.391144;0.945933;0.389479;0.845553;0.424814;0.901444;0.440171;0.743121;0.452528;0.906385;0.464076;0.73209;0.478078;0.920325;0.491225;0.755541;0.50192;0.940997;0.523139;0.811613
0.369103;0.440841;0.450137;0.946866;0.413024;0.928678;0.400206;0.876825;0.397784;0.779837;0.430614;0.824284;0.448598;0.682675;0.454234;0.828293;0.472054;0.672825;0.475709;0.845948;0.496709;0.698219;0.495865;0.873292;0.521258;0.754666
0.371395;0.439735;0.448751;0.888407;0.413899;0.869186;0.402646;0.819789;0.40545;0.725114;0.434023;0.761311;0.455187;0.629311;0.457882;0.765542;0.477853;0.61928;0.478078;0.783301;0.497641;0.645394;0.497531;0.810629;0.517823;0.701669
0.371398;0.43908;0.448198;0.842868;0.415694;0.822313;0.405158;0.773864;0.407471;0.68119;0.435327;0.715899;0.459899;0.595249;0.458318;0.719456;0.482952;0.584817;0.478216;0.736129;0.499572;0.60409;0.49723;0.763054;0.517363;0.657189
0.368056;0.444662;0.451123;0.812735;0.418131;0.787907;0.407497;0.733404;0.406852;0.643863;0.434666;0.678357;0.464151;0.567731;0.456994;0.680627;0.484031;0.558578;0.475539;0.694813;0.497856;0.576585;0.493139;0.719442;0.511525;0.626547
0.368468;0.447957;0.448303;0.781721;0.418652;0.75687;0.408849;0.703104;0.404316;0.617693;0.433595;0.649798;0.465744;0.543962;0.455348;0.650814;0.48552;0.535196;0.473567;0.663006;0.49823;0.553954;0.490505;0.686429;0.509186;0.600617
0.35323;0.439909;0.432115;0.841358;0.387911;0.808964;0.371554;0.757999;0.356818;0.679952;0.411324;0.681788;0.357835;0.676104;0.430824;0.686738;0.370263;0.690376;0.441778;0.701994;0.380206;0.707389;0.444824;0.721392;0.390173;0.715812
