face_x;face_y;landmark_x_1;landmark_y_1;landmark_x_2;landmark_y_2;landmark_x_3;landmark_y_3;landmark_x_4;landmark_y_4;landmark_x_5;landmark_y_5;landmark_x_6;landmark_y_6;landmark_x_7;landmark_y_7;landmark_x_8;landmark_y_8;landmark_x_9;landmark_y_9;landmark_x_10;landmark_y_10;landmark_x_11;landmark_y_11;landmark_x_12;landmark_y_12
0.452232;0.20984;0.752286;0.908919;0.78005;0.89253;0.806231;0.880741;0.842339;0.901792;0.830792;0.818574;0.860574;0.904672;0.829323;0.827332;0.858208;0.928821;0.824411;0.851206;0.841462;0.94474;0.817485;0.878175;0.833436;0.947544
0.46538;0.22473;0.768119;0.812129;0.73169;0.827807;0.713693;0.834858;0.713245;0.797482;0.742886;0.779218;0.746041;0.776848;0.775392;0.766611;0.777869;0.751474;0.803334;0.756327;0.808846;0.736933;0.824751;0.748231;0.833433;0.716673
0.451386;0.250326;0.721298;0.725392;0.731202;0.684095;0.743575;0.655994;0.757094;0.613901;0.768844;0.659364;0.7606;0.580288;0.768728;0.665339;0.75168;0.587541;0.764544;0.670704;0.746252;0.59822;0.757456;0.675807;0.744781;0.612921
0.448082;0.262873;0.690086;0.633545;0.661756;0.596863;0.653526;0.554059;0.64703;0.481916;0.696667;0.499695;0.682168;0.410508;0.719012;0.504737;0.709754;0.421063;0.736064;0.520796;0.73023;0.447977;0.748111;0.545788;0.748388;0.49544
0.44736;0.251768;0.679331;0.604823;0.649023;0.577386;0.636885;0.538862;0.624022;0.471574;0.672928;0.486176;0.666742;0.390589;0.695594;0.482817;0.70042;0.383846;0.713644;0.491576;0.72199;0.423673;0.727173;0.509447;0.737659;0.46889
0.444585;0.287369;0.65451;0.686692;0.621277;0.637208;0.607679;0.585596;0.590893;0.499635;0.643042;0.535788;0.62821;0.431511;0.664389;0.536192;0.65936;0.420036;0.680987;0.549362;0.686739;0.436986;0.692762;0.57183;0.719801;0.486887
0.446059;0.262432;0.659938;0.620421;0.645214;0.646907;0.637351;0.662707;0.63142;0.670736;0.655971;0.661359;0.655295;0.684629;0.664774;0.649538;0.66089;0.683546;0.66937;0.637844;0.658309;0.661496;0.671671;0.624134;0.661111;0.638089
0.437766;0.250453;0.460638;0.972169;0.495464;0.937178;0.517903;0.922427;0.543233;0.889125;0.539559;0.957173;0.57395;0.915393;0.538187;0.972812;0.564464;0.93405;0.531611;0.986041;0.549299;0.946032;0.520937;0.996875;0.535382;0.96472
