face_x;face_y;landmark_x_1;landmark_y_1;landmark_x_2;landmark_y_2;landmark_x_3;landmark_y_3;landmark_x_4;landmark_y_4;landmark_x_5;landmark_y_5;landmark_x_6;landmark_y_6;landmark_x_7;landmark_y_7;landmark_x_8;landmark_y_8;landmark_x_9;landmark_y_9;landmark_x_10;landmark_y_10;landmark_x_11;landmark_y_11;landmark_x_12;landmark_y_12
0.457761;0.313781;0.12944;0.982423;0.180185;0.937092;0.196424;0.869856;0.177801;0.712318;0.119785;0.754393;0.154699;0.744135;0.0873363;0.748569;0.133492;0.74263;0.0664804;0.754871;0.113559;0.756833;0.0486929;0.768354;0.0879524;0.746692
0.469448;0.335762;0.269892;0.743172;0.313888;0.713377;0.339046;0.672498;0.374514;0.607729;0.302521;0.63302;0.343072;0.715204;0.283144;0.641314;0.324299;0.744017;0.268037;0.659629;0.305226;0.746464;0.254799;0.679002;0.283695;0.724056
0.46859;0.325858;0.171965;0.698717;0.269162;0.658271;0.30967;0.568063;0.320365;0.398304;0.295312;0.409556;0.291302;0.362391;0.229381;0.386114;0.246959;0.4068;0.1679;0.395708;0.192435;0.430794;0.11473;0.425454;0.147132;0.461836
0.465913;0.332442;0.208102;0.698591;0.285454;0.628393;0.312699;0.53436;0.32625;0.374394;0.297921;0.406214;0.286031;0.372766;0.238783;0.384592;0.252771;0.404247;0.18456;0.395876;0.211121;0.421606;0.136916;0.42492;0.16906;0.440385
0.459216;0.335262;0.211703;0.692712;0.290695;0.621148;0.318942;0.519222;0.329175;0.351072;0.283069;0.395669;0.281449;0.393015;0.220774;0.38252;0.24232;0.407104;0.166931;0.398705;0.19756;0.421931;0.121819;0.431182;0.156922;0.449188
0.451648;0.33682;0.179629;0.692718;0.271819;0.642753;0.312965;0.545185;0.327347;0.375131;0.293256;0.398705;0.290051;0.383101;0.227938;0.379229;0.251288;0.408823;0.169704;0.391013;0.203637;0.430232;0.119707;0.421081;0.164393;0.45803
