face_x;face_y;landmark_x_1;landmark_y_1;landmark_x_2;landmark_y_2;landmark_x_3;landmark_y_3;landmark_x_4;landmark_y_4;landmark_x_5;landmark_y_5;landmark_x_6;landmark_y_6;landmark_x_7;landmark_y_7;landmark_x_8;landmark_y_8;landmark_x_9;landmark_y_9;landmark_x_10;landmark_y_10;landmark_x_11;landmark_y_11;landmark_x_12;landmark_y_12
0.500359;0.227053;0.306949;0.881548;0.297836;0.900539;0.288863;0.93265;0.288769;0.973437;0.271544;0.949835;0.267924;1.04978;0.278112;0.948564;0.283551;1.03544;0.288445;0.945806;0.300452;1.00849;0.298921;0.942094;0.306194;0.990162
0.503549;0.232273;0.292286;1.01395;0.325019;0.980808;0.342302;0.925467;0.3742;0.884713;0.289568;0.857347;0.263369;0.800832;0.259123;0.877988;0.239727;0.873184;0.236221;0.912427;0.223848;0.922154;0.220373;0.952807;0.223855;0.968294
0.502166;0.230853;0.454643;0.852322;0.456276;0.800875;0.443006;0.766699;0.407409;0.742656;0.425266;0.752166;0.370883;0.66364;0.409833;0.770293;0.395628;0.795327;0.397294;0.798813;0.397058;0.82309;0.388342;0.832953;0.394406;0.846496
0.505867;0.232302;0.560149;0.905937;0.530648;0.846411;0.489415;0.814943;0.431218;0.811755;0.478777;0.814553;0.349323;0.877406;0.483752;0.856895;0.434164;0.917973;0.488834;0.905709;0.451349;0.950394;0.492703;0.952093;0.468118;0.968441
0.505057;0.231622;0.596022;0.906082;0.55566;0.852478;0.503306;0.836202;0.429344;0.893143;0.488244;0.813538;0.356192;0.93062;0.500124;0.846199;0.397175;0.994382;0.513213;0.890539;0.438412;1.01454;0.524515;0.938988;0.447449;1.00555
0.502157;0.232858;0.61817;0.911814;0.5609;0.87827;0.505086;0.873837;0.438079;0.943536;0.476393;0.836066;0.362656;0.996281;0.496077;0.865848;0.387414;1.06235;0.517632;0.908392;0.480582;1.02025;0.536546;0.953294;0.489781;1.02239
0.500347;0.236703;0.647126;0.92707;0.577547;0.907048;0.511584;0.908634;0.439951;0.989733;0.481575;0.865986;0.395487;1.04114;0.507703;0.885979;0.453502;1.05122;0.536497;0.925976;0.519042;1.03407;0.562856;0.972265;0.542061;1.05075
0.499167;0.238771;0.674585;0.968602;0.593802;0.943046;0.525305;0.946207;0.447534;1.01862;0.48346;0.89407;0.46641;1.02476;0.509875;0.914225;0.484815;1.025;0.537999;0.948809;0.521044;1.03669;0.563166;0.988218;0.548698;1.04721
0.497797;0.237022;0.709421;1.0042;0.634082;0.982814;0.573575;0.972861;0.502808;1.00556;0.508258;0.922635;0.459311;1.06626;0.520492;0.937063;0.456781;1.08982;0.536889;0.967987;0.475192;1.10406;0.554807;1.00471;0.492669;1.10167
