face_x;face_y;landmark_x_1;landmark_y_1;landmark_x_2;landmark_y_2;landmark_x_3;landmark_y_3;landmark_x_4;landmark_y_4;landmark_x_5;landmark_y_5;landmark_x_6;landmark_y_6;landmark_x_7;landmark_y_7;landmark_x_8;landmark_y_8;landmark_x_9;landmark_y_9;landmark_x_10;landmark_y_10;landmark_x_11;landmark_y_11;landmark_x_12;landmark_y_12
0.445948;0.295171;0.385526;0.95659;0.397986;0.938266;0.406047;0.926005;0.41303;0.910658;0.378944;0.905532;0.389588;0.908178;0.369538;0.906677;0.385448;0.912775;0.365983;0.912598;0.379123;0.91987;0.364257;0.921902;0.374794;0.927073
0.437824;0.286278;0.483591;0.991893;0.435542;0.957824;0.411736;0.904938;0.382156;0.820556;0.422755;0.879701;0.424631;0.749948;0.449742;0.874423;0.443282;0.748486;0.474395;0.878724;0.464668;0.755254;0.498594;0.891592;0.507508;0.78761
0.43617;0.286692;0.483646;0.877847;0.442725;0.848566;0.42495;0.788949;0.410971;0.678891;0.451415;0.735982;0.445749;0.577429;0.476675;0.738084;0.469927;0.565848;0.502136;0.754842;0.50113;0.585871;0.527088;0.783616;0.539867;0.649297
0.430823;0.293162;0.491295;0.813119;0.451162;0.782728;0.434628;0.724199;0.42459;0.617006;0.460787;0.665774;0.461144;0.512421;0.486753;0.667793;0.488329;0.499593;0.511442;0.684326;0.51884;0.526825;0.535584;0.711444;0.552943;0.587922
0.421527;0.28641;0.533153;0.784807;0.48632;0.736059;0.466461;0.664359;0.462354;0.544086;0.488679;0.593097;0.506025;0.425072;0.513116;0.600529;0.530929;0.412976;0.534748;0.617928;0.552358;0.436142;0.556918;0.643939;0.566034;0.503667
0.419082;0.288561;0.518315;0.811568;0.479109;0.782061;0.465523;0.715793;0.463728;0.597986;0.491222;0.65977;0.51237;0.486059;0.515863;0.66501;0.535734;0.468222;0.538181;0.68244;0.55539;0.497057;0.559743;0.708842;0.56362;0.56538
0.416057;0.283827;0.517655;0.88232;0.476015;0.849749;0.459152;0.78286;0.452826;0.661868;0.485156;0.742953;0.504979;0.545321;0.510869;0.749579;0.533546;0.532323;0.534887;0.766061;0.551886;0.564804;0.558003;0.78941;0.562482;0.629847
0.418148;0.292436;0.505072;0.992022;0.469092;0.963127;0.448434;0.920258;0.428471;0.842238;0.467062;0.877578;0.470858;0.73586;0.491145;0.882149;0.494298;0.727744;0.512507;0.89713;0.513343;0.758431;0.532603;0.919275;0.533715;0.824678
