face_x;face_y;landmark_x_1;landmark_y_1;landmark_x_2;landmark_y_2;landmark_x_3;landmark_y_3;landmark_x_4;landmark_y_4;landmark_x_5;landmark_y_5;landmark_x_6;landmark_y_6;landmark_x_7;landmark_y_7;landmark_x_8;landmark_y_8;landmark_x_9;landmark_y_9;landmark_x_10;landmark_y_10;landmark_x_11;landmark_y_11;landmark_x_12;landmark_y_12
0.44215;0.310933;0.621295;0.90926;0.587436;0.914265;0.561536;0.922743;0.536968;0.935019;0.545143;0.904776;0.52607;1.01609;0.561903;0.893864;0.560518;1.03337;0.582472;0.890107;0.582157;1.03671;0.601021;0.888739;0.594089;0.996822
0.442329;0.31387;0.596799;0.841272;0.613667;0.843155;0.616717;0.841586;0.607025;0.869792;0.595148;0.801298;0.561983;0.816723;0.575729;0.813399;0.532401;0.847226;0.558996;0.829002;0.513728;0.866488;0.546542;0.847772;0.515055;0.886023
0.441284;0.31871;0.289004;0.75892;0.345506;0.767543;0.383334;0.773807;0.419478;0.82397;0.380384;0.710249;0.426884;0.818386;0.348522;0.711282;0.392019;0.829615;0.318946;0.727182;0.348886;0.838316;0.291168;0.748553;0.316909;0.832017
0.43977;0.320297;0.643166;0.86848;0.587794;0.872137;0.549708;0.847485;0.486153;0.837158;0.567058;0.755822;0.520648;0.88964;0.599426;0.760833;0.547266;0.934919;0.631078;0.78362;0.573015;0.954861;0.657102;0.813436;0.603613;0.924908
0.440601;0.318363;0.624628;0.872029;0.578798;0.88355;0.54277;0.872623;0.500881;0.878655;0.578917;0.786574;0.539897;0.906032;0.620554;0.798741;0.5656;0.946886;0.65177;0.825878;0.597075;0.966045;0.673172;0.854771;0.642028;0.954275
0.442784;0.315939;0.62686;0.996041;0.577116;0.972542;0.550229;0.946489;0.542648;0.94175;0.605368;0.869922;0.617145;0.895035;0.641928;0.881316;0.652773;0.929307;0.669205;0.908937;0.669508;0.958933;0.686883;0.94174;0.69304;0.988944
