face_x;face_y;landmark_x_1;landmark_y_1;landmark_x_2;landmark_y_2;landmark_x_3;landmark_y_3;landmark_x_4;landmark_y_4;landmark_x_5;landmark_y_5;landmark_x_6;landmark_y_6;landmark_x_7;landmark_y_7;landmark_x_8;landmark_y_8;landmark_x_9;landmark_y_9;landmark_x_10;landmark_y_10;landmark_x_11;landmark_y_11;landmark_x_12;landmark_y_12
0.452277;0.200143;0.311683;0.879393;0.358973;0.886951;0.380356;0.915969;0.398822;0.976605;0.379674;0.944989;0.391112;1.0471;0.364104;0.949095;0.372589;1.06639;0.347371;0.949714;0.357451;1.05649;0.330781;0.946411;0.336525;1.02796
0.45816;0.208618;0.352636;0.881463;0.336825;0.899434;0.32742;0.906323;0.322974;0.913;0.315819;0.898326;0.296588;0.926789;0.326449;0.8866;0.310272;0.910801;0.339565;0.874416;0.329649;0.889593;0.353949;0.862633;0.353946;0.864647
0.454538;0.217281;0.600118;0.792934;0.619446;0.776058;0.636015;0.774011;0.649693;0.779988;0.650314;0.820803;0.665318;0.832388;0.641252;0.839583;0.652106;0.845925;0.628723;0.851722;0.631529;0.840925;0.613137;0.859194;0.620007;0.848564
0.448414;0.215417;0.7014;0.841382;0.680861;0.800776;0.66893;0.761338;0.644833;0.716287;0.706568;0.739583;0.647105;0.705219;0.71745;0.760174;0.651083;0.733356;0.722285;0.789616;0.664295;0.779855;0.723914;0.816767;0.688418;0.809563
0.447011;0.24581;0.36543;0.674629;0.401901;0.693993;0.42594;0.717937;0.447705;0.752412;0.400719;0.707079;0.396444;0.773899;0.372845;0.707586;0.36473;0.788921;0.347048;0.711252;0.340463;0.794306;0.325031;0.714902;0.310594;0.783018
0.446603;0.223869;0.282598;0.847346;0.327161;0.857311;0.362067;0.880636;0.401014;0.934023;0.367988;0.855315;0.408393;0.964978;0.349019;0.850352;0.366199;1.01261;0.324517;0.855465;0.332085;1.01623;0.299831;0.867027;0.31053;0.991125
0.451491;0.219949;0.273576;0.864222;0.311615;0.865395;0.341785;0.883023;0.37215;0.924954;0.354302;0.888203;0.382176;0.961864;0.342515;0.898727;0.357572;0.964713;0.326302;0.909863;0.33054;0.957807;0.309176;0.917958;0.312749;0.954155
