face_x;face_y;landmark_x_1;landmark_y_1;landmark_x_2;landmark_y_2;landmark_x_3;landmark_y_3;landmark_x_4;landmark_y_4;landmark_x_5;landmark_y_5;landmark_x_6;landmark_y_6;landmark_x_7;landmark_y_7;landmark_x_8;landmark_y_8;landmark_x_9;landmark_y_9;landmark_x_10;landmark_y_10;landmark_x_11;landmark_y_11;landmark_x_12;landmark_y_12
0.486734;0.187964;1.43665e-39;6.22032e-39;3.73885e-39;6.58032e-39;5.39017e-39;6.1689e-39;8.01179e-39;6.34032e-39;6.37855e-39;5.54319e-39;9.23521e-39;5.89461e-39;6.31828e-39;5.25177e-39;1.04164e-38;5.98033e-39;6.23391e-39;5.04605e-39;9.0303e-39;5.80033e-39;6.22185e-39;4.80606e-39;8.37339e-39;5.52605e-39
0.473302;0.188696;0.351432;0.890535;0.393506;0.904391;0.42175;0.930938;0.446652;0.989449;0.424546;0.922885;0.444201;1.04315;0.404478;0.922381;0.415254;1.09127;0.383313;0.92428;0.392629;1.07996;0.363077;0.926974;0.371669;1.03904
0.482135;0.199356;0.348102;0.849244;0.393279;0.863586;0.426599;0.883123;0.458558;0.927365;0.42131;0.86261;0.438754;0.971057;0.401592;0.857742;0.418008;0.999721;0.379492;0.857369;0.388402;0.996752;0.35743;0.861276;0.362314;0.966101
0.467087;0.214446;0.353629;0.812737;0.385458;0.828671;0.410008;0.837549;0.431954;0.861862;0.425804;0.800484;0.475915;0.838816;0.40836;0.789136;0.431076;0.896173;0.388245;0.791233;0.393503;0.91036;0.369484;0.79941;0.369603;0.903186
0.450821;0.252602;0.39209;0.654638;0.433371;0.698475;0.45233;0.73599;0.490832;0.804265;0.41516;0.727521;0.439412;0.836778;0.386889;0.733712;0.407801;0.843347;0.364025;0.73796;0.37245;0.841118;0.347073;0.740534;0.319933;0.802224
0.458939;0.24299;0.324692;0.80906;0.375124;0.824719;0.41392;0.843396;0.448292;0.884395;0.41037;0.81515;0.437742;0.923932;0.383858;0.808588;0.402124;0.976111;0.353756;0.81;0.368934;0.979977;0.326347;0.817946;0.334276;0.948999
0.452284;0.23051;0.324011;0.855693;0.368713;0.865104;0.402344;0.88911;0.436706;0.94105;0.396814;0.876071;0.424769;0.969497;0.375864;0.87452;0.387484;0.995761;0.350161;0.875509;0.357757;0.99064;0.325575;0.878752;0.328249;0.975092
