face_x;face_y;landmark_x_1;landmark_y_1;landmark_x_2;landmark_y_2;landmark_x_3;landmark_y_3;landmark_x_4;landmark_y_4;landmark_x_5;landmark_y_5;landmark_x_6;landmark_y_6;landmark_x_7;landmark_y_7;landmark_x_8;landmark_y_8;landmark_x_9;landmark_y_9;landmark_x_10;landmark_y_10;landmark_x_11;landmark_y_11;landmark_x_12;landmark_y_12
0.472942;0.27851;0.063802;0.909125;0.0554007;0.958756;0.0373994;0.983394;0.0098212;1.00986;-0.00346904;0.934665;-0.00845931;0.970006;-0.00434645;0.913629;-0.00844304;0.949748;0.00161974;0.898324;0.00209353;0.939739;0.00971311;0.885536;0.0118548;0.913826
0.468505;0.28021;0.0664393;0.925833;0.0445824;0.912345;0.0282599;0.913547;0.010064;0.924566;0.000351628;0.915655;0.0097352;0.93965;0.00176311;0.930197;0.0160753;0.955167;0.00790339;0.946311;0.0244421;0.966386;0.0162093;0.962297;0.0304167;0.972608
0.467961;0.275411;0.558031;0.88778;0.508383;0.85725;0.46635;0.874599;0.427977;0.96067;0.457754;0.827224;0.374442;0.985639;0.486097;0.858498;0.401237;1.01869;0.517536;0.901158;0.491858;0.97405;0.549216;0.94462;0.52093;0.987818
0.459715;0.282438;0.612228;0.8236;0.53098;0.826245;0.471565;0.829083;0.404077;0.859537;0.471433;0.703453;0.400365;0.848325;0.513549;0.704358;0.440322;0.847642;0.554255;0.729117;0.501587;0.834678;0.593202;0.76481;0.552153;0.829141
0.499427;0.267662;0.0677011;0.917538;0.0608954;0.956029;0.0447651;0.971386;0.0277297;0.993001;0.00306024;0.934352;-0.00958919;0.938199;-0.00283097;0.919658;-0.0142634;0.92779;-0.00441824;0.910509;-0.0116572;0.924706;-0.00484033;0.905568;-0.00893212;0.920279
0.497707;0.268535;0.0680359;0.926934;0.0564355;0.966519;0.0398582;0.986574;0.0193461;1.00946;0.0115933;0.938672;-0.00556401;0.942543;0.0115239;0.920021;-0.00392626;0.930567;0.0141634;0.907618;0.00783079;0.923713;0.0169938;0.899338;0.0178771;0.913566
