face_x;face_y;landmark_x_1;landmark_y_1;landmark_x_2;landmark_y_2;landmark_x_3;landmark_y_3;landmark_x_4;landmark_y_4;landmark_x_5;landmark_y_5;landmark_x_6;landmark_y_6;landmark_x_7;landmark_y_7;landmark_x_8;landmark_y_8;landmark_x_9;landmark_y_9;landmark_x_10;landmark_y_10;landmark_x_11;landmark_y_11;landmark_x_12;landmark_y_12
0.478249;0.326621;0.71962;0.909793;0.679733;0.899916;0.649448;0.911299;0.62371;0.959767;0.67239;0.905414;0.652009;0.996217;0.700757;0.918168;0.691373;1.03233;0.729607;0.932865;0.729101;1.04355;0.7531;0.941952;0.758917;1.05167
0.478033;0.327534;0.683103;0.83155;0.645123;0.874044;0.630806;0.919305;0.630944;0.983594;0.6422;0.890375;0.637842;1.03633;0.677661;0.887909;0.685531;1.06368;0.713509;0.889388;0.734265;1.05349;0.742942;0.892286;0.77885;1.03582
0.479435;0.325822;0.687011;0.905589;0.645496;0.91428;0.616306;0.917835;0.59608;0.948138;0.630404;0.846526;0.616833;0.978706;0.675687;0.837959;0.672941;0.968004;0.719937;0.846612;0.723155;0.944964;0.757043;0.862885;0.781555;0.948406
0.481695;0.32373;0.697928;0.945174;0.648719;0.941277;0.606763;0.920332;0.572898;0.934728;0.6445;0.843826;0.618307;0.922359;0.692336;0.838137;0.687152;0.893466;0.73714;0.846464;0.73971;0.886337;0.776295;0.864437;0.799366;0.855458
0.483842;0.32263;0.700613;0.945874;0.652195;0.956064;0.602238;0.925081;0.568228;0.89344;0.634816;0.832176;0.62341;0.867944;0.680538;0.814768;0.695943;0.813168;0.724512;0.822578;0.748947;0.812803;0.765917;0.846267;0.805273;0.796851
0.490788;0.322182;0.279168;0.921676;0.329253;0.928098;0.369945;0.939171;0.394334;0.98394;0.332799;0.933133;0.340037;0.941709;0.290657;0.939673;0.293718;0.940599;0.251821;0.948007;0.254257;0.956397;0.218738;0.954371;0.222536;0.982804
