face_x;face_y;landmark_x_1;landmark_y_1;landmark_x_2;landmark_y_2;landmark_x_3;landmark_y_3;landmark_x_4;landmark_y_4;landmark_x_5;landmark_y_5;landmark_x_6;landmark_y_6;landmark_x_7;landmark_y_7;landmark_x_8;landmark_y_8;landmark_x_9;landmark_y_9;landmark_x_10;landmark_y_10;landmark_x_11;landmark_y_11;landmark_x_12;landmark_y_12
0.379433;0.403874;0.182851;0.997969;0.174981;0.987566;0.165026;0.981724;0.155666;0.982218;0.153627;0.987811;0.153466;0.985495;0.154422;0.992895;0.153304;0.989934;0.156793;0.996237;0.158097;0.994718;0.160119;0.999037;0.163458;0.996009
0.380738;0.403915;0.500912;0.951976;0.474258;0.952702;0.448046;0.960994;0.423537;0.986232;0.436718;0.931989;0.397218;1.02988;0.450964;0.92805;0.413847;1.05526;0.468416;0.932951;0.436822;1.06797;0.48575;0.942214;0.461949;1.0479
0.379996;0.403745;0.531389;0.922726;0.463752;0.915037;0.423206;0.901339;0.369033;0.89584;0.442526;0.838282;0.394045;0.910582;0.468167;0.839555;0.415227;0.929402;0.492833;0.853993;0.444191;0.937695;0.514845;0.878257;0.47302;0.934345
0.377933;0.407218;0.214285;0.854118;0.24149;0.863922;0.267928;0.859913;0.280511;0.888561;0.243896;0.798265;0.240568;0.818311;0.215992;0.791946;0.199344;0.801678;0.193675;0.795137;0.175966;0.807301;0.176019;0.808524;0.158375;0.820165
0.377293;0.427818;0.206249;0.912317;0.17067;0.917024;0.15158;0.927961;0.141501;0.960557;0.164929;0.902808;0.166649;0.973503;0.192374;0.904843;0.19449;1.00173;0.218131;0.914323;0.220742;1.01415;0.241515;0.924163;0.241634;1.00455
0.37022;0.448782;0.169945;0.99692;0.164081;0.998408;0.157003;0.997476;0.150904;0.996;0.14723;0.999037;0.151772;0.997557;0.146781;0.995856;0.148565;0.993088;0.147712;0.99178;0.151516;0.989532;0.149229;0.988014;0.154981;0.983994
0.367745;0.454235;0.16456;0.994191;0.159993;0.992947;0.155867;0.993868;0.154444;0.99255;0.14913;0.990593;0.151014;0.994433;0.150302;0.991414;0.14991;0.995399;0.152448;0.99271;0.155201;0.997648;0.154426;0.993724;0.157698;0.995922
0.361944;0.455195;0.16464;0.993199;0.159553;0.990595;0.155657;0.990688;0.151418;0.991229;0.154881;0.989416;0.146514;0.993076;0.156399;0.991391;0.147033;0.995804;0.158093;0.993498;0.150923;0.997325;0.159655;0.995556;0.154037;0.997781
