face_x;face_y;landmark_x_1;landmark_y_1;landmark_x_2;landmark_y_2;landmark_x_3;landmark_y_3;landmark_x_4;landmark_y_4;landmark_x_5;landmark_y_5;landmark_x_6;landmark_y_6;landmark_x_7;landmark_y_7;landmark_x_8;landmark_y_8;landmark_x_9;landmark_y_9;landmark_x_10;landmark_y_10;landmark_x_11;landmark_y_11;landmark_x_12;landmark_y_12
0.464002;0.32799;0.341129;0.80166;0.386786;0.843638;0.412205;0.880787;0.448106;0.957993;0.391888;0.812347;0.396826;0.97788;0.350035;0.811263;0.348612;1.01505;0.312775;0.821402;0.311879;1.01804;0.280099;0.833809;0.27583;0.978962
0.46575;0.327781;0.345633;0.819648;0.384273;0.84768;0.41971;0.867863;0.448301;0.920659;0.397769;0.793088;0.408884;0.919504;0.35837;0.783631;0.35499;0.934271;0.32131;0.788946;0.313888;0.931782;0.291538;0.80067;0.279429;0.918468
0.470268;0.326338;0.338707;0.821629;0.380445;0.830064;0.414906;0.837365;0.452457;0.889723;0.39316;0.759726;0.420759;0.862277;0.357335;0.750627;0.368251;0.871123;0.322686;0.757308;0.326838;0.880373;0.296001;0.774675;0.286736;0.881245
0.472394;0.324907;0.342701;0.805176;0.378481;0.810016;0.408772;0.805238;0.440113;0.847256;0.403687;0.745692;0.441998;0.859285;0.372826;0.734542;0.400699;0.852633;0.340458;0.737139;0.354658;0.851133;0.314835;0.752588;0.311514;0.843582
0.477657;0.323511;0.642578;0.828347;0.648355;0.819271;0.655732;0.806361;0.662984;0.783542;0.668038;0.777838;0.670663;0.744802;0.664519;0.772392;0.659155;0.750299;0.65954;0.772448;0.64955;0.813614;0.652993;0.775473;0.648299;0.80115
0.478639;0.321414;0.342989;0.777758;0.390968;0.779952;0.419195;0.76608;0.448058;0.784233;0.410417;0.690949;0.465132;0.753305;0.380011;0.682205;0.427668;0.812044;0.347695;0.692807;0.378691;0.814672;0.31774;0.712851;0.337288;0.807255
0.480745;0.322023;0.339693;0.777232;0.390397;0.779632;0.420852;0.77616;0.43563;0.824121;0.418991;0.691704;0.432494;0.801997;0.387701;0.685084;0.401882;0.785583;0.35592;0.69555;0.368235;0.775118;0.327545;0.716228;0.336998;0.78606
0.482713;0.322578;0.617894;0.811372;0.618531;0.795421;0.625806;0.776909;0.633879;0.74399;0.641385;0.753012;0.654844;0.736441;0.642306;0.755986;0.656248;0.74029;0.64112;0.761007;0.653371;0.754154;0.638264;0.765633;0.64524;0.764597
