face_x;face_y;landmark_x_1;landmark_y_1;landmark_x_2;landmark_y_2;landmark_x_3;landmark_y_3;landmark_x_4;landmark_y_4;landmark_x_5;landmark_y_5;landmark_x_6;landmark_y_6;landmark_x_7;landmark_y_7;landmark_x_8;landmark_y_8;landmark_x_9;landmark_y_9;landmark_x_10;landmark_y_10;landmark_x_11;landmark_y_11;landmark_x_12;landmark_y_12
0.50076;0.302792;0.712909;0.908486;0.655889;0.931991;0.610738;0.944138;0.554789;0.993728;0.605027;0.883443;0.58037;1.02023;0.639436;0.875667;0.608737;1.02973;0.673659;0.882494;0.648282;1.02107;0.706137;0.897923;0.685153;0.999444
0.503211;0.300273;0.658267;0.796104;0.705951;0.825353;0.737938;0.864442;0.742428;0.952884;0.709188;0.837668;0.708975;0.991191;0.674091;0.834244;0.658532;1.05291;0.642239;0.835679;0.609333;1.05792;0.615833;0.841765;0.587837;1.00292
0.503633;0.298683;0.672678;0.8865;0.649531;0.913199;0.630084;0.915812;0.606478;0.967934;0.624621;0.833064;0.593006;0.973932;0.655586;0.826524;0.639599;0.986442;0.688467;0.837715;0.674681;0.989522;0.718223;0.860876;0.739049;0.939786
0.508037;0.303692;0.31295;0.9701;0.357861;0.952206;0.397421;0.922311;0.403696;0.918871;0.35785;0.824587;0.368575;0.863541;0.31444;0.830537;0.325959;0.855646;0.276493;0.851698;0.300206;0.909157;0.246014;0.882558;0.272016;0.930514
0.508286;0.303765;0.315608;0.944914;0.361518;0.944454;0.409892;0.927909;0.410411;0.95268;0.361851;0.860238;0.370655;0.897735;0.314827;0.860739;0.31939;0.913067;0.274632;0.876225;0.279415;0.935768;0.244295;0.900196;0.247051;0.964452
0.509642;0.299855;0.354652;0.846225;0.350013;0.950764;0.340725;1.03578;0.303223;1.15136;0.319898;1.00958;0.30262;1.2436;0.307702;0.970598;0.289622;1.27192;0.299262;0.941257;0.28951;1.1969;0.294167;0.91599;0.287241;1.10679
