face_x;face_y;landmark_x_1;landmark_y_1;landmark_x_2;landmark_y_2;landmark_x_3;landmark_y_3;landmark_x_4;landmark_y_4;landmark_x_5;landmark_y_5;landmark_x_6;landmark_y_6;landmark_x_7;landmark_y_7;landmark_x_8;landmark_y_8;landmark_x_9;landmark_y_9;landmark_x_10;landmark_y_10;landmark_x_11;landmark_y_11;landmark_x_12;landmark_y_12
0.463615;0.138062;0.328002;0.840889;0.37405;0.860801;0.399101;0.903489;0.413769;0.990737;0.366821;0.938048;0.356925;1.09669;0.33716;0.932667;0.323262;1.11748;0.313511;0.920665;0.319424;1.06868;0.296518;0.905586;0.314894;0.996105
0.461221;0.14422;0.308671;0.795548;0.369842;0.822565;0.399121;0.856755;0.421236;0.954273;0.365253;0.83172;0.351661;0.985461;0.332021;0.830507;0.326332;1.03062;0.303143;0.833167;0.309197;1.02332;0.280141;0.837936;0.284168;0.972159
0.462506;0.148039;0.308082;0.731561;0.357742;0.750217;0.389715;0.783842;0.413666;0.870629;0.359537;0.779258;0.370191;0.917352;0.326248;0.783837;0.351532;0.935979;0.29936;0.795009;0.325955;0.945679;0.27894;0.807148;0.305344;0.927247
0.449466;0.210016;0.629523;0.60499;0.598863;0.591372;0.572012;0.565499;0.543989;0.525048;0.606541;0.514064;0.56974;0.462709;0.630618;0.511472;0.617569;0.430274;0.651758;0.521939;0.654964;0.434029;0.669128;0.542378;0.707019;0.478506
0.452454;0.193598;0.662363;0.70849;0.628389;0.749511;0.603388;0.770667;0.572827;0.840264;0.604456;0.70357;0.568209;0.789114;0.627578;0.683572;0.611456;0.774542;0.654773;0.671132;0.655824;0.756478;0.678569;0.66355;0.682668;0.725571
0.452921;0.177842;0.719386;0.825494;0.717794;0.808839;0.71534;0.811623;0.706594;0.832665;0.717431;0.839269;0.698094;0.913192;0.71057;0.863974;0.688259;0.942956;0.703299;0.884151;0.677649;0.950341;0.697663;0.899422;0.676207;0.944848
