face_x;face_y;landmark_x_1;landmark_y_1;landmark_x_2;landmark_y_2;landmark_x_3;landmark_y_3;landmark_x_4;landmark_y_4;landmark_x_5;landmark_y_5;landmark_x_6;landmark_y_6;landmark_x_7;landmark_y_7;landmark_x_8;landmark_y_8;landmark_x_9;landmark_y_9;landmark_x_10;landmark_y_10;landmark_x_11;landmark_y_11;landmark_x_12;landmark_y_12
0.446647;0.405549;0.336004;0.89302;0.318493;0.906742;0.312861;0.928138;0.325559;0.995642;0.325979;0.8905;0.323005;1.06897;0.343482;0.88225;0.33363;1.07594;0.353782;0.883012;0.333261;1.06543;0.358372;0.890545;0.338313;1.02697
0.448169;0.40737;0.314446;0.957499;0.327274;0.958534;0.340713;0.959878;0.350003;0.96595;0.346759;0.920996;0.36287;0.900909;0.339774;0.908676;0.357299;0.880818;0.331722;0.902789;0.347312;0.877289;0.322706;0.900118;0.333715;0.871281
0.448961;0.40661;0.32166;0.948119;0.331099;0.951001;0.335488;0.951326;0.343016;0.956355;0.334768;0.923359;0.33372;0.896328;0.330821;0.91645;0.331578;0.874326;0.327554;0.912178;0.329471;0.87087;0.324656;0.910307;0.326664;0.87363
0.447663;0.408316;0.358924;0.707566;0.400605;0.776775;0.418633;0.82869;0.451711;0.944775;0.377668;0.762826;0.414661;0.860885;0.343405;0.758554;0.370163;0.859773;0.313807;0.765644;0.334084;0.856611;0.290909;0.779286;0.285145;0.893286
0.470634;0.401646;0.318833;0.782469;0.365177;0.816097;0.407269;0.830593;0.457896;0.89002;0.422233;0.742442;0.428432;0.86256;0.391995;0.724426;0.404876;0.870108;0.356116;0.723615;0.361592;0.840936;0.319658;0.732179;0.321878;0.837666
0.466976;0.402955;0.310121;0.819111;0.362121;0.84509;0.404448;0.857238;0.464266;0.913017;0.405862;0.779544;0.473409;0.781683;0.378295;0.761683;0.426874;0.822451;0.34594;0.759316;0.388786;0.817901;0.314439;0.768109;0.341917;0.822764
0.460389;0.39286;0.701532;0.949022;0.705396;0.941689;0.704468;0.939253;0.693292;0.927467;0.679631;0.91385;0.667212;0.91433;0.669155;0.906256;0.652503;0.908767;0.66103;0.903163;0.640429;0.913546;0.65501;0.902645;0.637937;0.909396
