face_x;face_y;landmark_x_1;landmark_y_1;landmark_x_2;landmark_y_2;landmark_x_3;landmark_y_3;landmark_x_4;landmark_y_4;landmark_x_5;landmark_y_5;landmark_x_6;landmark_y_6;landmark_x_7;landmark_y_7;landmark_x_8;landmark_y_8;landmark_x_9;landmark_y_9;landmark_x_10;landmark_y_10;landmark_x_11;landmark_y_11;landmark_x_12;landmark_y_12
0.454165;0.330967;0.297279;0.890779;0.283738;0.917106;0.278742;0.946383;0.286947;0.977412;0.276954;0.959838;0.291624;1.01756;0.291759;0.952046;0.302227;1.00469;0.306182;0.943656;0.315113;0.985034;0.31901;0.937813;0.323825;0.972541
0.455017;0.332639;0.301869;0.889448;0.287396;0.904876;0.286113;0.934346;0.279116;0.977778;0.290803;0.944446;0.291746;1.01946;0.293942;0.94818;0.298213;1.02915;0.298535;0.950721;0.299769;1.02342;0.30498;0.949894;0.314106;1.00774
0.456558;0.332282;0.627457;0.982934;0.569515;1.00022;0.513504;0.990367;0.460525;0.984487;0.563407;0.876262;0.518585;0.961945;0.616551;0.873078;0.590064;0.978801;0.662344;0.896588;0.63503;0.99462;0.692583;0.938622;0.685726;1.01257
0.458079;0.331286;0.598305;0.910885;0.657128;0.925076;0.692999;0.931001;0.708013;0.957732;0.646615;0.908563;0.642047;0.940186;0.595904;0.907586;0.59043;0.959107;0.556189;0.923002;0.544385;0.965648;0.525106;0.937679;0.49165;0.973506
0.475228;0.328978;0.322248;0.934998;0.357153;0.939462;0.387812;0.92986;0.436599;0.943017;0.376537;0.835509;0.405666;0.921057;0.347181;0.835354;0.369362;0.944888;0.318671;0.852947;0.338615;0.965261;0.294128;0.878059;0.309233;0.970025
0.476542;0.326877;0.343189;0.858134;0.3135;0.867651;0.29209;0.894669;0.288872;0.934137;0.29817;0.883081;0.304644;0.983556;0.328488;0.882099;0.345406;1.00279;0.35894;0.884507;0.369108;0.996715;0.387708;0.885234;0.385608;0.949311
0.478865;0.326128;0.339841;0.818472;0.350123;0.865626;0.350307;0.902966;0.357546;0.95986;0.316237;0.909052;0.30687;0.987873;0.310927;0.904587;0.298765;0.985671;0.309904;0.899594;0.299063;0.974298;0.311337;0.893583;0.302496;0.962104
