face_x;face_y;landmark_x_1;landmark_y_1;landmark_x_2;landmark_y_2;landmark_x_3;landmark_y_3;landmark_x_4;landmark_y_4;landmark_x_5;landmark_y_5;landmark_x_6;landmark_y_6;landmark_x_7;landmark_y_7;landmark_x_8;landmark_y_8;landmark_x_9;landmark_y_9;landmark_x_10;landmark_y_10;landmark_x_11;landmark_y_11;landmark_x_12;landmark_y_12
0.442464;0.3081;0.611159;0.934121;0.649907;0.933299;0.674982;0.946782;0.676022;0.978275;0.661034;0.979061;0.665931;0.984027;0.634055;0.990977;0.644034;0.987394;0.608342;0.99608;0.613731;0.975124;0.586958;0.995833;0.591174;0.976901
0.443233;0.307169;0.645122;0.873892;0.598826;0.901901;0.560503;0.925602;0.534015;0.985079;0.55489;0.878701;0.529227;1.02238;0.58822;0.86496;0.562736;1.03701;0.622821;0.866063;0.600796;1.02821;0.655682;0.877491;0.636766;1.01286
0.440654;0.320671;0.284894;0.755857;0.342955;0.759879;0.383905;0.757744;0.426716;0.782779;0.381588;0.683227;0.41138;0.777039;0.351869;0.675542;0.38125;0.819802;0.321119;0.688246;0.349727;0.820664;0.290488;0.707923;0.321079;0.814181
0.440788;0.320875;0.335518;0.709562;0.365888;0.725483;0.393855;0.727895;0.42237;0.769628;0.381272;0.665723;0.414222;0.763377;0.353533;0.659079;0.371515;0.775025;0.324673;0.664055;0.335994;0.775541;0.300686;0.676551;0.300612;0.759196
0.4462;0.314085;0.690066;0.906167;0.613345;0.902755;0.557232;0.90434;0.496888;0.967278;0.561826;0.830221;0.526041;1.00836;0.599864;0.83695;0.550938;1.0515;0.63505;0.865611;0.583833;1.06505;0.667584;0.901463;0.620314;1.04201
0.445881;0.315073;0.638476;0.938128;0.593873;0.952216;0.54943;0.955109;0.510629;0.99935;0.574767;0.859295;0.520403;0.969669;0.613709;0.86785;0.559319;1.00344;0.647324;0.893546;0.596778;1.03092;0.672997;0.92116;0.636149;1.02683
0.444945;0.315359;0.63288;0.991608;0.590559;0.981751;0.55448;0.962324;0.547618;0.979277;0.573786;0.93275;0.572684;0.934737;0.612456;0.945611;0.609305;0.947732;0.648106;0.962065;0.633853;0.971962;0.679709;0.976139;0.670273;0.987339
0.444443;0.318623;0.645199;0.957567;0.610835;0.952509;0.584687;0.938819;0.590177;0.953986;0.588095;0.922293;0.599962;0.943214;0.623759;0.931578;0.632197;0.965868;0.658237;0.946767;0.658105;0.991397;0.687368;0.965328;0.689412;0.999521
0.443307;0.317342;0.65502;0.939763;0.629668;0.925339;0.614547;0.917186;0.612728;0.93478;0.621537;0.908549;0.635478;0.934921;0.647992;0.923842;0.662089;0.960257;0.672149;0.9439;0.682746;0.980815;0.692412;0.964074;0.703135;0.99081
