face_x;face_y;landmark_x_1;landmark_y_1;landmark_x_2;landmark_y_2;landmark_x_3;landmark_y_3;landmark_x_4;landmark_y_4;landmark_x_5;landmark_y_5;landmark_x_6;landmark_y_6;landmark_x_7;landmark_y_7;landmark_x_8;landmark_y_8;landmark_x_9;landmark_y_9;landmark_x_10;landmark_y_10;landmark_x_11;landmark_y_11;landmark_x_12;landmark_y_12
0.491917;0.195398;0.323124;0.793502;0.296638;0.831502;0.294871;0.882219;0.316388;0.950673;0.273404;0.899046;0.313393;1.00527;0.293403;0.895913;0.321018;0.99956;0.315968;0.893865;0.327755;0.961666;0.337503;0.893064;0.336509;0.954157
0.495824;0.183123;0.32579;0.795092;0.296761;0.82935;0.290455;0.87421;0.307863;0.941847;0.28079;0.89681;0.312031;0.984536;0.300971;0.894255;0.327975;0.986797;0.321005;0.891524;0.324745;0.934339;0.338341;0.88864;0.329327;0.931764
0.465165;0.214918;0.723072;0.983678;0.706593;0.951179;0.696145;0.924627;0.696633;0.90685;0.683157;0.899868;0.673166;0.863421;0.691764;0.908948;0.695609;0.889062;0.70278;0.923027;0.70896;0.917164;0.713224;0.936054;0.71971;0.933623
0.467102;0.239648;0.413321;0.680304;0.443259;0.66065;0.467385;0.626958;0.486753;0.573793;0.441994;0.59129;0.460362;0.497277;0.421579;0.59133;0.433272;0.591681;0.40131;0.600835;0.416574;0.611732;0.38378;0.615152;0.345036;0.555759
0.461319;0.267182;0.393496;0.70509;0.426333;0.718323;0.449182;0.742412;0.473285;0.774989;0.423196;0.733836;0.432221;0.778954;0.399527;0.733042;0.40208;0.781933;0.377409;0.730016;0.374812;0.775763;0.35762;0.726055;0.339036;0.759532
0.46248;0.265511;0.340774;0.793693;0.39654;0.796036;0.436967;0.818691;0.474903;0.865494;0.421719;0.794244;0.449599;0.924939;0.396773;0.793375;0.414343;0.967386;0.368866;0.800738;0.387577;0.970168;0.344624;0.813125;0.361275;0.946767
0.464741;0.250261;0.331018;0.828103;0.377989;0.83719;0.41772;0.863814;0.449893;0.923564;0.419611;0.844541;0.454665;0.965404;0.397651;0.840069;0.413824;1.00493;0.369002;0.842832;0.37944;1.00559;0.342567;0.852127;0.349311;0.983834
0.467143;0.257323;0.323325;0.866259;0.366816;0.879139;0.396277;0.90529;0.434332;0.956134;0.394139;0.896329;0.441361;0.989485;0.37946;0.895781;0.412838;1.0274;0.362691;0.898926;0.385077;1.02218;0.34412;0.90395;0.36025;0.995281
0.459367;0.239508;0.320983;0.871773;0.353897;0.88654;0.375921;0.913385;0.39938;0.951624;0.388929;0.915009;0.418416;0.991622;0.378935;0.910699;0.388367;0.992516;0.364731;0.909272;0.363642;0.974645;0.349198;0.911144;0.352398;0.965702
