face_x;face_y;landmark_x_1;landmark_y_1;landmark_x_2;landmark_y_2;landmark_x_3;landmark_y_3;landmark_x_4;landmark_y_4;landmark_x_5;landmark_y_5;landmark_x_6;landmark_y_6;landmark_x_7;landmark_y_7;landmark_x_8;landmark_y_8;landmark_x_9;landmark_y_9;landmark_x_10;landmark_y_10;landmark_x_11;landmark_y_11;landmark_x_12;landmark_y_12
0.456951;0.30902;0.323392;0.808398;0.368335;0.811761;0.404983;0.810907;0.442073;0.850989;0.375636;0.710663;0.410773;0.823987;0.340595;0.709322;0.374519;0.839047;0.311504;0.728758;0.336035;0.859615;0.290957;0.757525;0.299751;0.886636
0.460759;0.311044;0.329264;0.795957;0.362115;0.794223;0.395849;0.783456;0.437249;0.807168;0.386818;0.703926;0.416024;0.721542;0.356909;0.700379;0.383611;0.732908;0.327945;0.710936;0.348315;0.731414;0.301915;0.730066;0.311886;0.740946
0.465424;0.308963;0.33398;0.77316;0.364019;0.77419;0.391794;0.765647;0.43975;0.78824;0.387251;0.686876;0.425069;0.690692;0.358841;0.683849;0.378171;0.706646;0.331038;0.691012;0.340245;0.708854;0.304941;0.703495;0.297125;0.693052
0.465778;0.31005;0.346529;0.758415;0.375503;0.770089;0.407806;0.767884;0.439446;0.793362;0.399325;0.682752;0.421999;0.714668;0.369269;0.675496;0.390507;0.696647;0.339394;0.680768;0.350966;0.68602;0.313637;0.695717;0.304953;0.695041
0.46724;0.310486;0.345726;0.756403;0.378009;0.769191;0.408726;0.766122;0.436591;0.783497;0.400733;0.680219;0.416823;0.701409;0.370382;0.674307;0.392398;0.687708;0.340109;0.681208;0.356407;0.688653;0.31428;0.697916;0.311882;0.702957
0.469577;0.309171;0.342255;0.766661;0.372856;0.773219;0.40596;0.767737;0.442021;0.796395;0.402146;0.676422;0.428487;0.714765;0.37245;0.672357;0.401105;0.713193;0.343062;0.682549;0.364729;0.713426;0.316914;0.701079;0.321691;0.725533
0.468747;0.311992;0.337373;0.766883;0.372268;0.772403;0.39924;0.771398;0.43343;0.810062;0.401379;0.698999;0.427714;0.741239;0.368119;0.689245;0.394726;0.732015;0.334452;0.697119;0.355601;0.728328;0.303742;0.714434;0.313815;0.731822
0.469027;0.311041;0.341872;0.773099;0.366112;0.78359;0.398149;0.776705;0.439657;0.806634;0.396498;0.69493;0.445294;0.707276;0.36568;0.691598;0.394051;0.73484;0.335548;0.701875;0.351764;0.74117;0.308562;0.717109;0.316229;0.743084
