face_x;face_y;landmark_x_1;landmark_y_1;landmark_x_2;landmark_y_2;landmark_x_3;landmark_y_3;landmark_x_4;landmark_y_4;landmark_x_5;landmark_y_5;landmark_x_6;landmark_y_6;landmark_x_7;landmark_y_7;landmark_x_8;landmark_y_8;landmark_x_9;landmark_y_9;landmark_x_10;landmark_y_10;landmark_x_11;landmark_y_11;landmark_x_12;landmark_y_12
0.469508;0.220858;0.708795;0.847236;0.682342;0.885233;0.667707;0.923437;0.661518;0.978246;0.665263;0.927194;0.659159;1.03149;0.68015;0.91968;0.672503;1.01596;0.696656;0.907647;0.698093;0.944843;0.713456;0.894459;0.710952;0.930887
0.464984;0.261259;0.391652;0.680323;0.423004;0.664442;0.449694;0.634369;0.456504;0.592964;0.416501;0.591926;0.449033;0.617064;0.395142;0.592621;0.424847;0.622734;0.374561;0.602647;0.400519;0.624285;0.356754;0.620693;0.34729;0.598637
0.462328;0.26381;0.382727;0.709043;0.414005;0.727451;0.437098;0.739347;0.466413;0.754443;0.415285;0.710015;0.433125;0.740708;0.392822;0.701728;0.40641;0.741633;0.372965;0.698827;0.383987;0.73861;0.357355;0.697347;0.362526;0.735073
0.45681;0.266726;0.61838;0.797654;0.602075;0.828349;0.594402;0.864711;0.586163;0.91028;0.595164;0.897362;0.593751;0.958774;0.599697;0.89293;0.59885;0.946856;0.604214;0.878235;0.606228;0.921491;0.60842;0.860829;0.608848;0.896662
0.462427;0.250732;0.315744;0.821408;0.346967;0.828013;0.371427;0.840419;0.39824;0.863736;0.389556;0.851958;0.432215;0.935514;0.382388;0.85022;0.426554;0.944557;0.371098;0.849267;0.406666;0.940924;0.358303;0.846907;0.384082;0.921162
0.459712;0.244483;0.31526;0.859846;0.350302;0.864637;0.370575;0.889688;0.392051;0.942715;0.377421;0.913919;0.395995;1.0091;0.363437;0.918863;0.37111;1.03635;0.347009;0.921827;0.349001;1.01185;0.330043;0.92135;0.330011;0.983143
0.462696;0.228966;0.320088;0.876939;0.343417;0.892735;0.360223;0.919626;0.378266;0.957838;0.365127;0.930997;0.386996;1.00841;0.356798;0.927283;0.373322;1.01151;0.347225;0.923313;0.361873;0.998695;0.337204;0.918791;0.35301;0.976797
0.449279;0.232808;0.316566;0.902458;0.335222;0.906342;0.350075;0.917663;0.3664;0.932961;0.355844;0.937417;0.37651;0.972828;0.352727;0.939847;0.373724;0.979341;0.347967;0.939617;0.364832;0.973793;0.342005;0.93708;0.356014;0.965238
0.463021;0.220867;0.316061;0.911718;0.33052;0.914409;0.339135;0.922578;0.353123;0.929778;0.341584;0.942384;0.363585;0.983317;0.340655;0.944152;0.367137;0.991685;0.339527;0.944173;0.364948;0.987984;0.337922;0.942433;0.358309;0.975265
