face_x;face_y;landmark_x_1;landmark_y_1;landmark_x_2;landmark_y_2;landmark_x_3;landmark_y_3;landmark_x_4;landmark_y_4;landmark_x_5;landmark_y_5;landmark_x_6;landmark_y_6;landmark_x_7;landmark_y_7;landmark_x_8;landmark_y_8;landmark_x_9;landmark_y_9;landmark_x_10;landmark_y_10;landmark_x_11;landmark_y_11;landmark_x_12;landmark_y_12
0.426766;0.172317;0.640595;0.91023;0.603688;0.912782;0.582055;0.951287;0.570735;1.02696;0.59917;1.00296;0.594183;1.08968;0.62113;1.00988;0.608351;1.11157;0.641616;1.00729;0.626748;1.09411;0.660752;0.997679;0.645567;1.05764
0.430806;0.18784;0.336608;0.825262;0.373555;0.853075;0.386798;0.895069;0.376739;0.968489;0.360106;0.88802;0.358244;0.947735;0.336515;0.878189;0.334876;0.945664;0.316046;0.870369;0.315974;0.946387;0.298875;0.863559;0.301121;0.93129
0.427673;0.194075;0.345135;0.717022;0.378678;0.733041;0.394405;0.766063;0.392098;0.826734;0.361367;0.764819;0.363989;0.801441;0.339722;0.758651;0.343196;0.79436;0.321696;0.755083;0.325989;0.790031;0.308042;0.753656;0.31159;0.786485
0.421513;0.220987;0.339455;0.616341;0.369589;0.61696;0.396596;0.608715;0.406814;0.602146;0.36868;0.539762;0.378771;0.597137;0.344513;0.540659;0.358937;0.60173;0.322896;0.552255;0.340824;0.604338;0.305966;0.571017;0.317879;0.603431
0.420549;0.218388;0.344783;0.585375;0.371494;0.582711;0.395764;0.57638;0.410976;0.567186;0.375378;0.512768;0.382495;0.564856;0.351881;0.512732;0.36691;0.569233;0.33155;0.522318;0.349764;0.569627;0.314287;0.53954;0.312858;0.547474
0.416764;0.187179;0.318894;0.668224;0.350451;0.682655;0.374997;0.696628;0.405171;0.736461;0.352439;0.648188;0.359784;0.655219;0.330883;0.640739;0.338003;0.646068;0.312233;0.638566;0.313724;0.647501;0.294491;0.641625;0.295902;0.655929
0.407572;0.172208;0.288956;0.739402;0.340454;0.771777;0.366856;0.811734;0.369268;0.895737;0.350231;0.773328;0.345884;0.845772;0.315293;0.777835;0.321667;0.848688;0.284653;0.791618;0.299385;0.863352;0.259062;0.808531;0.274976;0.863937
0.403661;0.171599;0.274905;0.756416;0.316557;0.773701;0.341386;0.801398;0.364534;0.841914;0.339221;0.813617;0.372175;0.908681;0.32289;0.810879;0.346939;0.921665;0.302193;0.805839;0.314392;0.910137;0.279991;0.799639;0.285906;0.874251
