face_x;face_y;landmark_x_1;landmark_y_1;landmark_x_2;landmark_y_2;landmark_x_3;landmark_y_3;landmark_x_4;landmark_y_4;landmark_x_5;landmark_y_5;landmark_x_6;landmark_y_6;landmark_x_7;landmark_y_7;landmark_x_8;landmark_y_8;landmark_x_9;landmark_y_9;landmark_x_10;landmark_y_10;landmark_x_11;landmark_y_11;landmark_x_12;landmark_y_12
0.46389;0.305294;0.64678;0.572071;0.642217;0.525208;0.645608;0.492543;0.652728;0.459652;0.682902;0.492151;0.684558;0.470406;0.691509;0.506494;0.683181;0.484866;0.694839;0.524456;0.681861;0.503874;0.694234;0.543706;0.684902;0.520783
0.461245;0.301538;0.656834;0.575645;0.657179;0.550494;0.66221;0.531706;0.669892;0.502517;0.686477;0.511245;0.680891;0.48525;0.690005;0.514494;0.682959;0.494708;0.691995;0.522236;0.686398;0.504837;0.692073;0.531652;0.688986;0.5122
0.457849;0.303606;0.663007;0.573234;0.671471;0.553607;0.680171;0.536165;0.685924;0.507876;0.697968;0.526155;0.685746;0.500355;0.694916;0.525136;0.681533;0.500085;0.690139;0.526862;0.678406;0.505879;0.68322;0.529482;0.675746;0.50834
0.451732;0.307944;0.668618;0.569057;0.667814;0.542227;0.672804;0.524831;0.682834;0.503757;0.685509;0.517941;0.687045;0.498237;0.691224;0.52513;0.690273;0.506702;0.69538;0.534306;0.693678;0.517883;0.697767;0.543779;0.696867;0.525275
0.450915;0.30696;0.670842;0.561729;0.668131;0.538037;0.671763;0.521894;0.681246;0.503582;0.68582;0.516456;0.686487;0.499836;0.69256;0.522608;0.688455;0.509891;0.697815;0.530307;0.692986;0.519966;0.701757;0.538991;0.698795;0.526922
0.454037;0.323925;0.680259;0.562775;0.675751;0.54464;0.675905;0.530256;0.678569;0.513197;0.687421;0.523249;0.683269;0.511538;0.693272;0.527925;0.686498;0.51832;0.697636;0.533872;0.689686;0.524698;0.700643;0.540564;0.694139;0.5321
0.460692;0.318115;0.687003;0.556139;0.686792;0.544852;0.687647;0.535169;0.68507;0.520457;0.696095;0.534486;0.687136;0.521881;0.695774;0.537861;0.684196;0.523357;0.694055;0.54209;0.683957;0.532489;0.691418;0.546332;0.683312;0.534319
0.45967;0.308946;0.244944;0.846854;0.321087;0.830715;0.383274;0.848951;0.435567;0.934721;0.428817;0.813144;0.481639;1.0555;0.401778;0.826873;0.446029;1.11232;0.368771;0.848502;0.408698;1.13981;0.331309;0.871602;0.356075;1.09515
0.456888;0.309038;0.368808;0.954199;0.343202;0.936425;0.32505;0.93551;0.29821;0.940966;0.313821;0.934937;0.276138;0.955911;0.315559;0.940874;0.275364;0.956009;0.317687;0.946205;0.282255;0.957687;0.321403;0.949506;0.290553;0.958798
