face_x;face_y;landmark_x_1;landmark_y_1;landmark_x_2;landmark_y_2;landmark_x_3;landmark_y_3;landmark_x_4;landmark_y_4;landmark_x_5;landmark_y_5;landmark_x_6;landmark_y_6;landmark_x_7;landmark_y_7;landmark_x_8;landmark_y_8;landmark_x_9;landmark_y_9;landmark_x_10;landmark_y_10;landmark_x_11;landmark_y_11;landmark_x_12;landmark_y_12
0.488492;0.40425;0.244422;0.906132;0.163698;0.923504;0.105765;0.915694;0.0184187;0.908925;0.136983;0.866471;0.101791;0.918515;0.181664;0.868073;0.146712;0.947193;0.22262;0.8798;0.194285;0.983209;0.258328;0.897671;0.232325;0.989065
0.461826;0.418766;0.195875;0.846331;0.239525;0.791587;0.281719;0.748677;0.347578;0.709996;0.286145;0.738366;0.310142;0.695194;0.262134;0.739744;0.258528;0.670179;0.232153;0.75014;0.180099;0.683516;0.200799;0.762561;0.147927;0.729482
0.46275;0.41754;0.292971;0.727854;0.334211;0.741443;0.368674;0.718411;0.431141;0.693472;0.329338;0.650334;0.34077;0.628683;0.292931;0.642142;0.273553;0.543161;0.261507;0.653126;0.219477;0.543784;0.23493;0.681529;0.177433;0.625083
0.464821;0.414195;0.28723;0.736453;0.332097;0.727789;0.375399;0.692072;0.433607;0.659052;0.329534;0.6188;0.343365;0.547073;0.291597;0.625144;0.282977;0.618759;0.25821;0.647862;0.261475;0.681453;0.229347;0.677554;0.224978;0.701392
0.464457;0.412793;0.289052;0.717635;0.334606;0.721257;0.36982;0.693332;0.428132;0.648981;0.334487;0.608537;0.340518;0.535739;0.296389;0.610024;0.277904;0.619521;0.264584;0.626115;0.258061;0.673395;0.238003;0.650553;0.226629;0.692397
0.472137;0.4036;0.288122;0.727355;0.340102;0.713395;0.378408;0.678946;0.437876;0.631642;0.33345;0.588317;0.331802;0.570256;0.294504;0.590035;0.291792;0.594373;0.260677;0.607278;0.262692;0.620549;0.231239;0.637371;0.230324;0.649275
0.471483;0.401317;0.2839;0.732686;0.332243;0.73511;0.375273;0.695056;0.43576;0.637046;0.335984;0.613065;0.354768;0.60362;0.297743;0.598699;0.302445;0.519844;0.261814;0.604205;0.24714;0.503006;0.227847;0.630104;0.199006;0.562394
0.469044;0.407344;0.283752;0.717606;0.331361;0.733393;0.371378;0.697712;0.429953;0.655665;0.330033;0.63142;0.335877;0.536647;0.290147;0.618385;0.271646;0.51624;0.255176;0.63121;0.210687;0.536638;0.224226;0.663831;0.169309;0.640536
0.477134;0.395913;0.685021;0.836042;0.743033;0.838145;0.788703;0.866311;0.815254;0.941232;0.800501;0.860547;0.832188;1.01996;0.771335;0.853161;0.783189;1.05213;0.739669;0.851866;0.750991;1.02367;0.707673;0.853355;0.69159;0.972952
