face_x;face_y;landmark_x_1;landmark_y_1;landmark_x_2;landmark_y_2;landmark_x_3;landmark_y_3;landmark_x_4;landmark_y_4;landmark_x_5;landmark_y_5;landmark_x_6;landmark_y_6;landmark_x_7;landmark_y_7;landmark_x_8;landmark_y_8;landmark_x_9;landmark_y_9;landmark_x_10;landmark_y_10;landmark_x_11;landmark_y_11;landmark_x_12;landmark_y_12
0.4391;0.365378;0.295261;0.815713;0.337926;0.834766;0.37162;0.853343;0.396073;0.917732;0.345448;0.7743;0.379897;0.923478;0.307199;0.77354;0.317817;0.928711;0.271282;0.791943;0.273423;0.929323;0.242919;0.818286;0.241336;0.922002
0.443207;0.367939;0.287873;0.795915;0.331183;0.795124;0.359177;0.78239;0.397485;0.82432;0.353439;0.70582;0.377928;0.778274;0.322191;0.700058;0.349917;0.774279;0.290475;0.708516;0.318242;0.775366;0.261192;0.726345;0.289348;0.795202
0.443985;0.368842;0.302405;0.803044;0.335559;0.809517;0.362572;0.807775;0.397483;0.852715;0.363945;0.731358;0.372709;0.808915;0.331412;0.720503;0.344021;0.795562;0.298659;0.72719;0.314265;0.785829;0.268603;0.742767;0.277404;0.77394
0.445799;0.374001;0.304045;0.793792;0.337602;0.801099;0.365479;0.800769;0.400021;0.83495;0.3607;0.735392;0.380247;0.753837;0.329013;0.723325;0.341784;0.731456;0.297741;0.727054;0.302795;0.725022;0.269546;0.742425;0.258832;0.739641
0.449385;0.365306;0.293717;0.954317;0.330112;0.955656;0.370243;0.932518;0.407341;0.907809;0.357371;0.827984;0.366114;0.917354;0.328475;0.822566;0.33926;0.945593;0.299854;0.833296;0.313559;0.956885;0.27364;0.854153;0.294018;0.954999
0.449577;0.365278;0.311879;0.853418;0.34347;0.887497;0.369083;0.921649;0.399264;0.983734;0.352819;0.868106;0.373706;1.02682;0.319083;0.86076;0.334143;1.04928;0.288344;0.865754;0.295758;1.05352;0.260521;0.875822;0.248331;1.02043
