face_x;face_y;landmark_x_1;landmark_y_1;landmark_x_2;landmark_y_2;landmark_x_3;landmark_y_3;landmark_x_4;landmark_y_4;landmark_x_5;landmark_y_5;landmark_x_6;landmark_y_6;landmark_x_7;landmark_y_7;landmark_x_8;landmark_y_8;landmark_x_9;landmark_y_9;landmark_x_10;landmark_y_10;landmark_x_11;landmark_y_11;landmark_x_12;landmark_y_12
0.535408;0.326221;0.383986;0.982841;0.367161;0.979584;0.350136;0.983516;0.330633;0.982482;0.333249;0.988653;0.307099;0.990378;0.336437;0.988986;0.31334;0.990225;0.342881;0.988157;0.324803;0.988375;0.351564;0.987421;0.334436;0.989471
0.536675;0.327307;0.362034;0.973199;0.383222;0.968845;0.393635;0.972546;0.38802;0.969704;0.365511;0.977849;0.353732;0.98418;0.348425;0.977073;0.337632;0.974746;0.334873;0.973063;0.334272;0.979493;0.325009;0.969962;0.325916;0.978779
0.544511;0.332625;0.361677;0.874238;0.412155;0.894853;0.45102;0.909182;0.51058;0.93774;0.440296;0.861569;0.4381;0.998139;0.409364;0.850205;0.407499;1.01286;0.380058;0.852955;0.382123;1.0014;0.352165;0.864268;0.35734;0.980349
0.546916;0.337106;0.413038;0.836401;0.446477;0.865109;0.472972;0.880568;0.505379;0.922386;0.445385;0.836295;0.444016;0.980218;0.414844;0.823989;0.405431;0.99333;0.388108;0.824209;0.379041;0.987707;0.366953;0.832904;0.357368;0.959322
0.553198;0.340704;0.768264;0.838429;0.730821;0.844973;0.698818;0.853163;0.653767;0.89496;0.683294;0.801309;0.602375;0.910645;0.694972;0.807611;0.609422;0.925183;0.712241;0.827364;0.633177;0.92631;0.731846;0.854413;0.678861;0.927689
0.544339;0.352;0.433651;0.852015;0.467225;0.873495;0.502863;0.856973;0.567505;0.852054;0.487741;0.799926;0.451848;0.904022;0.457658;0.780062;0.424291;0.911213;0.428397;0.77327;0.407112;0.893476;0.402833;0.777814;0.381432;0.867518
0.5459;0.349753;0.410589;0.884483;0.449093;0.891897;0.485945;0.876745;0.53142;0.869217;0.480102;0.804414;0.475904;0.892816;0.450864;0.790057;0.451538;0.896472;0.420981;0.790804;0.426343;0.890592;0.395655;0.802513;0.406215;0.899503
0.532254;0.351004;0.453044;0.888316;0.434498;0.907347;0.425804;0.925172;0.426149;0.96527;0.429876;0.90019;0.449897;1.00458;0.443637;0.887899;0.472138;1.03165;0.458034;0.884643;0.491941;1.03828;0.470736;0.884638;0.500085;0.994208
