face_x;face_y;landmark_x_1;landmark_y_1;landmark_x_2;landmark_y_2;landmark_x_3;landmark_y_3;landmark_x_4;landmark_y_4;landmark_x_5;landmark_y_5;landmark_x_6;landmark_y_6;landmark_x_7;landmark_y_7;landmark_x_8;landmark_y_8;landmark_x_9;landmark_y_9;landmark_x_10;landmark_y_10;landmark_x_11;landmark_y_11;landmark_x_12;landmark_y_12
0.457383;0.246792;0.316985;0.858157;0.361805;0.876358;0.396276;0.902585;0.432482;0.953011;0.397032;0.882222;0.408338;0.99289;0.377724;0.876341;0.384302;1.0052;0.354512;0.876436;0.356093;1.00057;0.330957;0.882133;0.332445;0.983935
0.452944;0.256379;0.702135;0.825273;0.670457;0.815479;0.65071;0.801932;0.627153;0.780061;0.672842;0.851334;0.652089;0.753076;0.695324;0.859989;0.668741;0.77212;0.714976;0.862994;0.691046;0.79531;0.732005;0.863632;0.709729;0.81418
0.452497;0.296977;0.403455;0.696108;0.430074;0.675576;0.447039;0.650706;0.456427;0.61481;0.42198;0.604816;0.441127;0.637452;0.40295;0.609394;0.424971;0.65936;0.386687;0.621583;0.406986;0.673033;0.372096;0.636599;0.352403;0.610804
0.447088;0.260232;0.316772;0.835811;0.361444;0.837989;0.391786;0.862255;0.41677;0.924578;0.400614;0.852638;0.434755;0.975677;0.379133;0.848746;0.404504;1.01081;0.352707;0.853352;0.369601;1.01737;0.327037;0.863637;0.34123;0.990624
0.436725;0.260691;0.314188;0.871262;0.363477;0.868181;0.393119;0.897865;0.423576;0.963975;0.399471;0.911271;0.430192;1.04249;0.380834;0.917279;0.402434;1.07371;0.357485;0.922758;0.370436;1.06569;0.332689;0.926015;0.342625;1.01541
0.441497;0.246425;0.316782;0.892525;0.354451;0.903843;0.376378;0.930839;0.39801;0.973048;0.384772;0.943716;0.416796;1.02245;0.373267;0.943067;0.39784;1.02483;0.358523;0.940991;0.375409;1.00254;0.342205;0.937474;0.359256;0.980938
