face_x;face_y;landmark_x_1;landmark_y_1;landmark_x_2;landmark_y_2;landmark_x_3;landmark_y_3;landmark_x_4;landmark_y_4;landmark_x_5;landmark_y_5;landmark_x_6;landmark_y_6;landmark_x_7;landmark_y_7;landmark_x_8;landmark_y_8;landmark_x_9;landmark_y_9;landmark_x_10;landmark_y_10;landmark_x_11;landmark_y_11;landmark_x_12;landmark_y_12
0.456745;0.247622;0.919161;0.61259;0.896529;0.564945;0.871984;0.54905;0.844922;0.548569;0.832012;0.569912;0.839;0.587289;0.832877;0.601936;0.846934;0.605138;0.84059;0.627693;0.86037;0.622398;0.850761;0.649595;0.868622;0.640088
0.462297;0.250427;0.907382;0.620191;0.898049;0.599086;0.884745;0.588297;0.867071;0.588225;0.858964;0.59501;0.829961;0.584574;0.855497;0.612213;0.84709;0.596402;0.85719;0.625216;0.852002;0.610709;0.859537;0.634637;0.855946;0.624338
0.468722;0.25056;0.346404;0.713642;0.381519;0.725015;0.408025;0.724747;0.432849;0.756467;0.402052;0.676535;0.425284;0.708736;0.371685;0.66946;0.374273;0.694033;0.341534;0.676467;0.332778;0.697677;0.31582;0.688709;0.292293;0.740092
0.468812;0.250296;0.652199;0.834617;0.682547;0.862012;0.69575;0.900708;0.697394;0.950968;0.688115;0.879126;0.649819;1.02884;0.662998;0.84926;0.616644;1.04835;0.637912;0.830014;0.585729;1.01978;0.61256;0.817472;0.566291;0.958982
0.469717;0.251322;0.636106;0.855874;0.613452;0.870995;0.602542;0.890691;0.608413;0.92834;0.596475;0.891438;0.580119;1.01439;0.613193;0.898951;0.598468;1.02955;0.631411;0.908111;0.623116;1.02598;0.649152;0.914676;0.646303;0.999317
0.470988;0.250511;0.919159;0.605879;0.899801;0.589923;0.879718;0.58291;0.85506;0.590606;0.829254;0.556537;0.857795;0.59696;0.820899;0.570487;0.856927;0.607074;0.825367;0.588456;0.865199;0.622623;0.833679;0.606167;0.873839;0.637145
0.471834;0.251562;0.914466;0.603172;0.899618;0.565863;0.878871;0.55747;0.85987;0.579133;0.84064;0.544822;0.84956;0.599578;0.830672;0.569457;0.846413;0.622984;0.828954;0.597372;0.858814;0.635898;0.830204;0.625548;0.862579;0.64798
0.470412;0.251594;0.909463;0.604699;0.894104;0.569227;0.87254;0.559901;0.844705;0.579802;0.847299;0.565164;0.837622;0.602807;0.843298;0.591224;0.842571;0.622814;0.844479;0.615287;0.850299;0.633894;0.846728;0.637188;0.854722;0.64533
0.46981;0.249104;0.907026;0.619563;0.894295;0.581652;0.878816;0.568097;0.853925;0.567461;0.861147;0.583084;0.824881;0.578788;0.856651;0.606073;0.831372;0.604364;0.85637;0.626124;0.840262;0.625731;0.857278;0.643354;0.845519;0.64203
