face_x;face_y;landmark_x_1;landmark_y_1;landmark_x_2;landmark_y_2;landmark_x_3;landmark_y_3;landmark_x_4;landmark_y_4;landmark_x_5;landmark_y_5;landmark_x_6;landmark_y_6;landmark_x_7;landmark_y_7;landmark_x_8;landmark_y_8;landmark_x_9;landmark_y_9;landmark_x_10;landmark_y_10;landmark_x_11;landmark_y_11;landmark_x_12;landmark_y_12
0.47001;0.178267;0.330993;0.895111;0.379728;0.907037;0.414719;0.929149;0.449442;0.970353;0.414628;0.909802;0.450585;0.975534;0.400966;0.911579;0.42861;0.984582;0.382544;0.918516;0.404678;0.985716;0.362529;0.927233;0.378605;0.975052
0.470377;0.179706;0.313055;0.85562;0.356991;0.875038;0.388488;0.890146;0.425194;0.940607;0.396486;0.855291;0.414253;0.966635;0.378482;0.845607;0.377167;0.998991;0.355497;0.846064;0.351399;0.98195;0.333222;0.853653;0.332301;0.959294
0.46803;0.198166;0.72872;0.863932;0.697186;0.858039;0.671439;0.845144;0.646005;0.828365;0.697942;0.850857;0.681128;0.790177;0.718481;0.847132;0.697161;0.774806;0.735843;0.842389;0.712632;0.777241;0.75183;0.839816;0.731988;0.781019
0.466627;0.215916;0.305516;0.778273;0.353956;0.758485;0.386171;0.724653;0.400975;0.669638;0.386719;0.674216;0.401422;0.689068;0.359558;0.666095;0.37615;0.702431;0.332377;0.663123;0.347835;0.711031;0.303244;0.662325;0.313811;0.705053
0.470309;0.223461;0.386447;0.676833;0.419435;0.658153;0.445125;0.627291;0.469176;0.585948;0.413224;0.597631;0.421657;0.566033;0.389903;0.599367;0.391618;0.595058;0.368538;0.608526;0.367959;0.608039;0.35046;0.620412;0.32174;0.581474
0.458181;0.264926;0.378631;0.752457;0.413624;0.771667;0.435286;0.782821;0.46238;0.793023;0.406441;0.744532;0.410698;0.765911;0.382229;0.740932;0.383702;0.760653;0.360167;0.740793;0.360328;0.758162;0.34134;0.745081;0.334969;0.764987
0.467437;0.237942;0.740967;0.795068;0.756785;0.839149;0.74873;0.876082;0.725701;0.928108;0.723416;0.888072;0.674463;0.967643;0.71241;0.881826;0.66454;0.967704;0.705103;0.872782;0.659021;0.957896;0.701203;0.859802;0.663266;0.928631
0.459304;0.237994;0.736764;0.810574;0.744988;0.827999;0.742052;0.850677;0.71957;0.880245;0.745231;0.869826;0.707609;0.957343;0.732578;0.875776;0.6898;0.969007;0.718815;0.87788;0.677293;0.960815;0.704831;0.875048;0.672375;0.93446
0.462874;0.233582;0.730773;0.839123;0.73048;0.827636;0.728403;0.828842;0.713348;0.834963;0.726984;0.860628;0.711561;0.898576;0.723127;0.870142;0.711337;0.915875;0.719399;0.874538;0.714249;0.920509;0.717312;0.876973;0.712949;0.915406
