face_x;face_y;landmark_x_1;landmark_y_1;landmark_x_2;landmark_y_2;landmark_x_3;landmark_y_3;landmark_x_4;landmark_y_4;landmark_x_5;landmark_y_5;landmark_x_6;landmark_y_6;landmark_x_7;landmark_y_7;landmark_x_8;landmark_y_8;landmark_x_9;landmark_y_9;landmark_x_10;landmark_y_10;landmark_x_11;landmark_y_11;landmark_x_12;landmark_y_12
0.439295;0.409074;0.24501;0.988279;0.284486;0.981922;0.312768;0.976127;0.339566;0.997822;0.280154;0.901108;0.285227;0.910855;0.246244;0.902296;0.249626;0.889331;0.21938;0.916856;0.220492;0.916803;0.19841;0.939745;0.195301;0.958558
0.436098;0.409696;0.263807;1.01051;0.302934;1.00423;0.336469;0.979955;0.377159;0.937477;0.301731;0.885545;0.333344;0.909517;0.268457;0.880905;0.28437;0.798242;0.239207;0.895548;0.236192;0.811117;0.212543;0.926367;0.200204;0.871662
0.435956;0.409172;0.252399;0.922933;0.298386;0.898272;0.334368;0.866544;0.371935;0.8172;0.303325;0.780325;0.327894;0.688358;0.269801;0.782769;0.284893;0.692311;0.239063;0.802293;0.246779;0.739749;0.211965;0.836041;0.212501;0.798335
0.435694;0.409375;0.262674;0.870942;0.30136;0.86154;0.331272;0.835834;0.373433;0.789963;0.300212;0.743858;0.32548;0.691414;0.265993;0.748979;0.270877;0.693714;0.236796;0.768608;0.230713;0.723522;0.212645;0.80089;0.192511;0.770318
0.434907;0.408849;0.262395;0.858456;0.299506;0.84804;0.328997;0.817112;0.362882;0.764851;0.296527;0.737138;0.31635;0.749261;0.264423;0.731988;0.264953;0.650661;0.235309;0.744087;0.217621;0.645194;0.208917;0.774033;0.177714;0.710927
0.435128;0.408288;0.259709;0.840468;0.295351;0.834531;0.326472;0.80465;0.361813;0.74755;0.291398;0.717092;0.318152;0.736893;0.259037;0.709733;0.255672;0.616473;0.230183;0.722283;0.208598;0.615;0.204005;0.754147;0.172298;0.686247
0.435137;0.410984;0.257407;0.836033;0.293842;0.819044;0.322218;0.786877;0.356434;0.735436;0.288794;0.706225;0.314556;0.711687;0.257101;0.702556;0.248634;0.59805;0.228962;0.719274;0.202345;0.62716;0.204408;0.752291;0.177015;0.708662
0.4301;0.426302;0.601309;0.882981;0.561722;0.871736;0.524411;0.882764;0.497516;0.931801;0.499297;0.864216;0.434042;0.999669;0.524039;0.868004;0.477594;1.05515;0.554682;0.880888;0.519437;1.07715;0.585548;0.893188;0.565078;1.02352
