face_x;face_y;landmark_x_1;landmark_y_1;landmark_x_2;landmark_y_2;landmark_x_3;landmark_y_3;landmark_x_4;landmark_y_4;landmark_x_5;landmark_y_5;landmark_x_6;landmark_y_6;landmark_x_7;landmark_y_7;landmark_x_8;landmark_y_8;landmark_x_9;landmark_y_9;landmark_x_10;landmark_y_10;landmark_x_11;landmark_y_11;landmark_x_12;landmark_y_12
0.423317;0.429314;0.53642;1.05657;0.447356;0.93955;0.415387;0.841599;0.409147;0.721856;0.514933;0.714847;0.519667;0.657344;0.576162;0.734057;0.559032;0.664254;0.617849;0.777407;0.592843;0.709029;0.643604;0.83157;0.610548;0.771632
0.431138;0.408427;0.263601;0.896383;0.305585;0.914011;0.333996;0.926456;0.342629;0.966725;0.305211;0.89342;0.312515;0.976571;0.276563;0.894534;0.277247;0.995161;0.250784;0.902566;0.250226;1.00006;0.227071;0.914364;0.222224;0.993278
0.434995;0.434324;0.552787;0.886662;0.516488;0.866125;0.490326;0.839609;0.459492;0.806856;0.503068;0.819753;0.496546;0.76832;0.523049;0.819371;0.520234;0.752319;0.54406;0.825477;0.550614;0.751246;0.565226;0.835301;0.586884;0.771876
0.429731;0.437987;0.271866;0.86201;0.309315;0.870133;0.335465;0.856271;0.340724;0.843744;0.309361;0.813781;0.309043;0.80737;0.279612;0.811923;0.282299;0.799826;0.253642;0.82066;0.255542;0.811525;0.234472;0.834136;0.232492;0.8369
0.427422;0.428082;0.265367;0.932502;0.237119;0.926994;0.221606;0.926973;0.215079;0.962072;0.233908;0.903594;0.24011;0.905382;0.260565;0.908688;0.26954;0.920052;0.283685;0.922517;0.287575;0.951127;0.301473;0.940236;0.307101;0.985347
0.427737;0.428495;0.285467;0.973196;0.288007;0.943541;0.286433;0.918732;0.273037;0.881992;0.284628;0.871294;0.241887;0.824354;0.274437;0.879371;0.226977;0.841039;0.264129;0.891185;0.221935;0.863267;0.253812;0.905271;0.21851;0.87408
0.425953;0.438174;0.270886;0.977107;0.275136;0.926873;0.271159;0.885893;0.25732;0.829459;0.280574;0.868934;0.225455;0.842339;0.269782;0.883586;0.21797;0.879303;0.256298;0.902595;0.215028;0.9064;0.242825;0.922529;0.21316;0.915979
0.426659;0.43512;0.273055;0.984397;0.276127;0.932434;0.265942;0.891811;0.238452;0.846138;0.282244;0.88249;0.222299;0.860693;0.273588;0.901234;0.216161;0.901951;0.260746;0.92407;0.213146;0.931712;0.24734;0.947893;0.212728;0.942759
0.428019;0.438384;0.274828;0.983668;0.275573;0.952532;0.262996;0.92397;0.229474;0.895605;0.279427;0.907865;0.207193;0.884999;0.276649;0.914312;0.207366;0.905169;0.269389;0.924958;0.209706;0.918899;0.260073;0.937232;0.215419;0.923636
