face_x;face_y;landmark_x_1;landmark_y_1;landmark_x_2;landmark_y_2;landmark_x_3;landmark_y_3;landmark_x_4;landmark_y_4;landmark_x_5;landmark_y_5;landmark_x_6;landmark_y_6;landmark_x_7;landmark_y_7;landmark_x_8;landmark_y_8;landmark_x_9;landmark_y_9;landmark_x_10;landmark_y_10;landmark_x_11;landmark_y_11;landmark_x_12;landmark_y_12
0.452597;0.378432;0.284285;1.0117;0.321271;1.00512;0.347492;0.984587;0.390779;0.963386;0.31802;0.92093;0.332982;0.930327;0.287385;0.916484;0.290736;0.891846;0.261188;0.927817;0.257542;0.910959;0.238739;0.951288;0.22603;0.938183
0.453382;0.379658;0.292363;0.968494;0.327949;0.971769;0.362252;0.952993;0.401608;0.903457;0.334629;0.880602;0.341289;0.887243;0.302568;0.875962;0.309868;0.869681;0.272734;0.882307;0.276962;0.875901;0.246137;0.899823;0.240504;0.894049
0.453233;0.379348;0.287567;0.936495;0.332452;0.936147;0.362312;0.914977;0.412115;0.87538;0.337246;0.824981;0.367034;0.781319;0.305896;0.831919;0.328741;0.852877;0.279129;0.856054;0.290789;0.892092;0.258161;0.885645;0.261195;0.921813
0.451174;0.379383;0.298743;0.91669;0.339834;0.915418;0.370061;0.889643;0.414171;0.835153;0.339711;0.81945;0.362816;0.765182;0.313278;0.825555;0.328086;0.846613;0.288601;0.841873;0.302176;0.904529;0.266248;0.861922;0.273397;0.913917
0.449961;0.383891;0.576002;0.885617;0.535501;0.892917;0.496911;0.894989;0.461235;0.960756;0.513978;0.828022;0.472163;1.041;0.5547;0.834052;0.507282;1.06416;0.591135;0.856279;0.545044;1.05598;0.618898;0.886164;0.574037;1.02651
0.452607;0.383752;0.574784;0.924304;0.542845;0.926135;0.521288;0.929253;0.508394;0.981818;0.526661;0.874495;0.502738;1.03762;0.556577;0.885247;0.537433;1.10646;0.583225;0.908467;0.554809;1.13851;0.606083;0.93062;0.583052;1.09264
