face_x;face_y;landmark_x_1;landmark_y_1;landmark_x_2;landmark_y_2;landmark_x_3;landmark_y_3;landmark_x_4;landmark_y_4;landmark_x_5;landmark_y_5;landmark_x_6;landmark_y_6;landmark_x_7;landmark_y_7;landmark_x_8;landmark_y_8;landmark_x_9;landmark_y_9;landmark_x_10;landmark_y_10;landmark_x_11;landmark_y_11;landmark_x_12;landmark_y_12
0.441881;0.305292;0.661014;0.854587;0.604895;0.875849;0.563189;0.880003;0.505498;0.895954;0.560782;0.788163;0.517365;0.892299;0.587855;0.778771;0.543403;0.904741;0.618168;0.785521;0.580972;0.905503;0.649661;0.802459;0.620457;0.904525
0.440142;0.306999;0.614726;0.807448;0.584225;0.813235;0.563882;0.803708;0.536592;0.81218;0.558757;0.737428;0.518498;0.870716;0.578767;0.74268;0.541553;0.91631;0.597721;0.757196;0.553526;0.931861;0.614414;0.775334;0.572714;0.906134
0.440622;0.305979;0.600686;0.873241;0.567685;0.886159;0.540558;0.88419;0.524292;0.926807;0.542305;0.817203;0.518658;0.979932;0.57052;0.825854;0.547878;1.03012;0.596017;0.845207;0.565461;1.05202;0.617543;0.866428;0.586036;1.02296
0.4401;0.307955;0.583314;0.842806;0.54824;0.868719;0.525677;0.89551;0.500071;0.960523;0.548219;0.874033;0.528842;0.990433;0.578978;0.879452;0.564064;1.0178;0.606667;0.891035;0.589997;1.02434;0.626106;0.899529;0.614003;1.00304
0.440631;0.310136;0.595314;0.908105;0.564701;0.91338;0.54272;0.928444;0.524577;0.960463;0.556086;0.910878;0.547152;1.0059;0.581354;0.918713;0.570167;1.03598;0.602927;0.933761;0.592887;1.04104;0.621214;0.947178;0.611511;1.03884
0.432981;0.303315;0.623573;0.978528;0.626634;0.936537;0.6459;0.918767;0.676789;0.904646;0.672225;0.936639;0.701674;0.906441;0.67541;0.950129;0.703477;0.923852;0.674433;0.96083;0.692088;0.938671;0.670511;0.967837;0.685293;0.953164
