face_x;face_y;landmark_x_1;landmark_y_1;landmark_x_2;landmark_y_2;landmark_x_3;landmark_y_3;landmark_x_4;landmark_y_4;landmark_x_5;landmark_y_5;landmark_x_6;landmark_y_6;landmark_x_7;landmark_y_7;landmark_x_8;landmark_y_8;landmark_x_9;landmark_y_9;landmark_x_10;landmark_y_10;landmark_x_11;landmark_y_11;landmark_x_12;landmark_y_12
0.461343;0.303026;2.4853e-39;3.31465e-39;1.13532e-39;5.21748e-39;1.30406e-39;7.35174e-39;1.71388e-39;1.0266e-38;6.00489e-39;6.92317e-39;8.15643e-39;7.59173e-39;7.44528e-39;5.85176e-39;9.60886e-39;6.61461e-39;8.12629e-39;5.13177e-39;8.54214e-39;6.59746e-39;8.36736e-39;4.57463e-39;8.18656e-39;5.9289e-39
0.46376;0.304707;0.290422;0.876395;0.334589;0.886648;0.368499;0.910805;0.400039;0.966958;0.34168;0.905631;0.362641;1.00366;0.314128;0.914417;0.323285;1.05464;0.287824;0.924882;0.29453;1.07052;0.263702;0.935535;0.268017;1.0531
0.473367;0.297584;0.3207;0.791549;0.369494;0.820902;0.40416;0.875298;0.423433;0.971856;0.393194;0.827577;0.416379;0.997236;0.358167;0.821195;0.369638;1.02121;0.321968;0.824887;0.335138;1.01237;0.28945;0.839628;0.306292;0.992828
0.469468;0.306378;0.296818;0.712273;0.355947;0.750302;0.398268;0.766497;0.455079;0.800795;0.409133;0.692337;0.450836;0.754165;0.380584;0.668823;0.391165;0.825016;0.347725;0.66142;0.339295;0.826312;0.314436;0.664766;0.308561;0.797731
0.462627;0.312403;0.667789;0.955199;0.648314;0.936825;0.642901;0.920573;0.656304;0.910894;0.655282;0.886287;0.659429;0.869782;0.672131;0.894033;0.669607;0.962175;0.686158;0.908809;0.676159;0.961433;0.69525;0.924438;0.707333;0.928744
0.464703;0.304817;0.725832;0.934073;0.671713;0.929082;0.641591;0.942793;0.621866;0.993258;0.657749;0.913564;0.645767;1.10821;0.69734;0.90975;0.686557;1.12068;0.735273;0.916102;0.721731;1.1091;0.764944;0.927077;0.755653;1.07517
0.465382;0.304059;0.743761;1.01153;0.742913;0.97535;0.72924;0.949999;0.710263;0.934079;0.686732;0.92121;0.663877;0.906304;0.676752;0.937074;0.657197;0.917246;0.674337;0.952735;0.668892;0.937634;0.675792;0.969806;0.675214;0.959994
