face_x;face_y;landmark_x_1;landmark_y_1;landmark_x_2;landmark_y_2;landmark_x_3;landmark_y_3;landmark_x_4;landmark_y_4;landmark_x_5;landmark_y_5;landmark_x_6;landmark_y_6;landmark_x_7;landmark_y_7;landmark_x_8;landmark_y_8;landmark_x_9;landmark_y_9;landmark_x_10;landmark_y_10;landmark_x_11;landmark_y_11;landmark_x_12;landmark_y_12
0.463823;0.229436;0.341115;0.858937;0.387336;0.86985;0.418398;0.894624;0.447101;0.953606;0.415808;0.879886;0.430802;0.998937;0.395393;0.878125;0.396565;1.03203;0.372747;0.8808;0.367212;1.02951;0.350434;0.884881;0.342067;0.999909
0.470367;0.230177;0.371231;0.837689;0.363333;0.851806;0.353557;0.844924;0.337013;0.82947;0.374775;0.803278;0.386476;0.846162;0.388071;0.800717;0.404679;0.86135;0.399949;0.808244;0.411619;0.861529;0.409083;0.820696;0.410342;0.852904
0.458304;0.255511;0.401123;0.701968;0.432217;0.720275;0.454834;0.733802;0.456579;0.746832;0.42766;0.709542;0.428026;0.753584;0.401198;0.709438;0.400553;0.77363;0.378779;0.714278;0.381491;0.784299;0.360449;0.721109;0.354035;0.787705
0.459432;0.264418;0.392126;0.703857;0.42496;0.704489;0.445519;0.696201;0.454848;0.690204;0.41614;0.663393;0.430745;0.723365;0.39454;0.667485;0.407069;0.735078;0.375077;0.675992;0.388055;0.734793;0.358938;0.68698;0.356435;0.718032
0.4437;0.265221;0.30572;0.840612;0.34841;0.851212;0.378262;0.870298;0.4102;0.912099;0.386821;0.852027;0.403683;0.961232;0.371268;0.847803;0.380042;0.984764;0.349191;0.852873;0.353739;0.990478;0.326972;0.86225;0.326869;0.983385
0.454311;0.248946;0.303676;0.863522;0.340834;0.873572;0.362511;0.895174;0.384426;0.941973;0.374845;0.90439;0.393578;1.0135;0.359153;0.901947;0.370977;1.03132;0.339703;0.903145;0.345208;1.02096;0.318874;0.905483;0.323343;0.993159
