face_x;face_y;landmark_x_1;landmark_y_1;landmark_x_2;landmark_y_2;landmark_x_3;landmark_y_3;landmark_x_4;landmark_y_4;landmark_x_5;landmark_y_5;landmark_x_6;landmark_y_6;landmark_x_7;landmark_y_7;landmark_x_8;landmark_y_8;landmark_x_9;landmark_y_9;landmark_x_10;landmark_y_10;landmark_x_11;landmark_y_11;landmark_x_12;landmark_y_12
0.482598;0.193715;0.346764;0.866529;0.392996;0.886028;0.418723;0.920499;0.446239;0.983004;0.420378;0.926799;0.448688;1.04674;0.399585;0.920124;0.409422;1.07977;0.376711;0.915437;0.379711;1.0623;0.353623;0.910617;0.35289;1.01551
0.479277;0.187903;0.319249;0.84187;0.367926;0.840646;0.398803;0.862444;0.431248;0.927611;0.407442;0.870493;0.441237;0.985133;0.390065;0.874197;0.409226;1.03336;0.369553;0.878677;0.379391;1.03475;0.348757;0.880969;0.35468;0.990708
0.45107;0.272291;0.388157;0.583441;0.369621;0.6258;0.369269;0.667507;0.382205;0.717007;0.373515;0.676288;0.376439;0.770747;0.389192;0.670107;0.393725;0.769988;0.404423;0.659415;0.414261;0.742628;0.418274;0.647528;0.42925;0.708893
0.444304;0.267567;0.7114;0.778446;0.681547;0.824369;0.666985;0.865908;0.639207;0.908159;0.708363;0.886175;0.647779;0.85642;0.723156;0.865609;0.651799;0.827875;0.731753;0.840004;0.661537;0.801624;0.736998;0.812302;0.679275;0.79624
0.459453;0.258486;0.703657;0.799922;0.719816;0.826362;0.723719;0.857981;0.714623;0.903102;0.718613;0.8668;0.691606;0.946906;0.705627;0.859741;0.674893;0.944037;0.693582;0.85069;0.667171;0.928146;0.683367;0.839231;0.663474;0.894009
0.452752;0.248995;0.697396;0.802916;0.719027;0.819073;0.724674;0.846739;0.711516;0.8884;0.724781;0.854411;0.713532;0.934982;0.70992;0.856943;0.701545;0.949859;0.69472;0.857075;0.683587;0.941717;0.680311;0.853612;0.668192;0.919394
