face_x;face_y;landmark_x_1;landmark_y_1;landmark_x_2;landmark_y_2;landmark_x_3;landmark_y_3;landmark_x_4;landmark_y_4;landmark_x_5;landmark_y_5;landmark_x_6;landmark_y_6;landmark_x_7;landmark_y_7;landmark_x_8;landmark_y_8;landmark_x_9;landmark_y_9;landmark_x_10;landmark_y_10;landmark_x_11;landmark_y_11;landmark_x_12;landmark_y_12
0.462025;0.135069;0.748779;0.806239;0.714259;0.824402;0.698493;0.86729;0.702356;0.953788;0.711053;0.882466;0.709032;0.994301;0.735334;0.89873;0.736548;1.01655;0.753859;0.911593;0.759396;1.00637;0.767467;0.920573;0.780096;0.994135
0.454373;0.170715;0.317461;0.82535;0.286082;0.852802;0.260964;0.862334;0.241745;0.863174;0.261807;0.834512;0.265027;0.826017;0.291539;0.821222;0.312423;0.801262;0.322491;0.816428;0.348005;0.801189;0.349897;0.816288;0.375689;0.788919
0.44359;0.173968;0.679369;0.669673;0.69232;0.681091;0.700448;0.695788;0.710479;0.725706;0.701989;0.648893;0.702956;0.684128;0.696186;0.64;0.694001;0.684398;0.686689;0.638112;0.68032;0.685478;0.678772;0.638549;0.672236;0.683126
0.443788;0.178698;0.663372;0.632133;0.680132;0.643761;0.693435;0.652187;0.714046;0.668292;0.688743;0.614102;0.683791;0.62631;0.67777;0.60576;0.673976;0.628317;0.66523;0.606408;0.663897;0.627965;0.655304;0.611358;0.654636;0.637226
0.451558;0.186056;0.701927;0.756761;0.661282;0.793426;0.622462;0.806709;0.572449;0.855349;0.602251;0.740303;0.570111;0.853412;0.630927;0.720559;0.613858;0.857987;0.666733;0.707895;0.663171;0.838537;0.700784;0.703711;0.700812;0.801488
0.436614;0.156878;0.718874;0.803525;0.701;0.806242;0.692064;0.819048;0.67972;0.840271;0.702502;0.836065;0.690492;0.883422;0.713598;0.837889;0.698904;0.893844;0.722481;0.83695;0.708119;0.886929;0.729387;0.834872;0.717322;0.874178
