{"graph": {"_type": "graph-file", "path": "media/graph/graph_summary_642653d8.graph.json", "sha256": "642653d80e97902291d69e6d85f3625747ae5116c7ea1d8e2022a6d0127b291f", "size": 993}, "accuracy": 0.953125, "_timestamp": 1594829301.9195983, "epoch": 92, "loss": 0.1286897427505917, "precision": 0.9604743123054504, "val_recall": 0.8661971688270569, "_runtime": 933.1542067527771, "recall": 0.94921875, "_step": 292, "val_accuracy": 0.8661971688270569, "val_loss": 0.3995256690492093, "val_precision": 0.9179104566574097, "best_val_loss": 0.39815814069039385, "best_epoch": 80}
