face_x;face_y;landmark_x_1;landmark_y_1;landmark_x_2;landmark_y_2;landmark_x_3;landmark_y_3;landmark_x_4;landmark_y_4;landmark_x_5;landmark_y_5;landmark_x_6;landmark_y_6;landmark_x_7;landmark_y_7;landmark_x_8;landmark_y_8;landmark_x_9;landmark_y_9;landmark_x_10;landmark_y_10;landmark_x_11;landmark_y_11;landmark_x_12;landmark_y_12
0.466024;0.174279;0.790378;0.929466;0.805883;0.910714;0.828611;0.913908;0.855353;0.944662;0.860111;0.903259;0.897512;0.951447;0.85843;0.913097;0.892152;0.963133;0.85199;0.927075;0.875642;0.971394;0.842315;0.94292;0.864635;0.978572
0.475511;0.181795;0.76927;0.860425;0.773881;0.909308;0.797406;0.934535;0.83653;0.9488;0.840864;0.858449;0.856279;0.924146;0.850298;0.827716;0.863676;0.894913;0.851995;0.813194;0.859818;0.869266;0.848912;0.808361;0.855811;0.856011
0.472856;0.181994;0.778749;0.798465;0.751885;0.828186;0.739796;0.861604;0.747199;0.885489;0.78973;0.871629;0.80268;0.878156;0.81021;0.848265;0.811691;0.813666;0.823159;0.821606;0.81412;0.775958;0.832267;0.795564;0.823753;0.755817
0.477092;0.191213;0.755077;0.73403;0.744735;0.741982;0.742088;0.740194;0.754139;0.695654;0.736342;0.817714;0.744152;0.82146;0.749222;0.82116;0.762907;0.821622;0.762365;0.819313;0.774324;0.812258;0.775859;0.816096;0.785552;0.806913
0.465194;0.207697;0.734849;0.862112;0.746473;0.827895;0.747078;0.78923;0.745196;0.744568;0.745124;0.761866;0.724032;0.682352;0.74043;0.772415;0.714191;0.690404;0.734322;0.79083;0.709866;0.725532;0.728306;0.812795;0.712535;0.758326
0.458403;0.284091;0.572542;0.541718;0.539932;0.519111;0.521208;0.482546;0.506422;0.423452;0.539632;0.423811;0.527705;0.318794;0.554404;0.421449;0.539977;0.30077;0.567343;0.429539;0.523484;0.449606;0.575157;0.440517;0.532805;0.470754
