face_x;face_y;landmark_x_1;landmark_y_1;landmark_x_2;landmark_y_2;landmark_x_3;landmark_y_3;landmark_x_4;landmark_y_4;landmark_x_5;landmark_y_5;landmark_x_6;landmark_y_6;landmark_x_7;landmark_y_7;landmark_x_8;landmark_y_8;landmark_x_9;landmark_y_9;landmark_x_10;landmark_y_10;landmark_x_11;landmark_y_11;landmark_x_12;landmark_y_12
0.428863;0.431603;0.490201;1.02485;0.495268;0.997294;0.492981;0.967533;0.465804;0.944934;0.498749;0.932549;0.456892;0.801007;0.482112;0.937556;0.447866;0.782622;0.463894;0.95073;0.418961;0.84528;0.447399;0.97131;0.440628;0.964996
0.423859;0.436622;0.482009;1.0192;0.45016;1.00433;0.433734;0.967831;0.429089;0.902711;0.449933;0.910501;0.423634;0.775557;0.471492;0.907095;0.456796;0.763708;0.493489;0.921161;0.457612;0.948205;0.511422;0.944538;0.479188;0.983389
0.440415;0.407278;0.282669;0.940788;0.259721;0.857932;0.247333;0.766987;0.19933;0.64638;0.262548;0.802999;0.297444;0.592257;0.305057;0.831726;0.380691;0.62377;0.345979;0.85849;0.395126;0.679005;0.376447;0.878659;0.39481;0.726533
0.440825;0.406909;0.467495;0.908208;0.513381;0.871419;0.536965;0.823548;0.596013;0.769218;0.501063;0.836977;0.44843;0.622823;0.448219;0.843839;0.39517;0.625912;0.405306;0.847924;0.355757;0.632029;0.373843;0.849324;0.341787;0.698734
0.442177;0.405323;0.473285;0.915875;0.514331;0.876378;0.536648;0.82497;0.591695;0.767443;0.500539;0.84086;0.447999;0.617114;0.449099;0.847423;0.392577;0.619798;0.407926;0.850215;0.35943;0.631659;0.378391;0.850926;0.352233;0.706428
0.440389;0.414662;0.547418;1.01309;0.539096;0.936846;0.51403;0.861217;0.479173;0.746896;0.518914;0.849418;0.410405;0.736532;0.515994;0.884215;0.386376;0.811112;0.507424;0.927901;0.391485;0.861101;0.496667;0.973911;0.425431;0.903594
