face_x;face_y;landmark_x_1;landmark_y_1;landmark_x_2;landmark_y_2;landmark_x_3;landmark_y_3;landmark_x_4;landmark_y_4;landmark_x_5;landmark_y_5;landmark_x_6;landmark_y_6;landmark_x_7;landmark_y_7;landmark_x_8;landmark_y_8;landmark_x_9;landmark_y_9;landmark_x_10;landmark_y_10;landmark_x_11;landmark_y_11;landmark_x_12;landmark_y_12
0.501096;0.312465;4.00058e-40;6.06604e-39;3.29288e-39;6.7346e-39;5.57097e-39;6.54603e-39;8.67472e-39;5.8089e-39;7.57184e-39;5.84319e-39;1.20858e-38;6.63175e-39;7.13189e-39;5.27748e-39;1.19533e-38;6.82032e-39;6.55935e-39;4.99463e-39;1.02537e-38;6.92317e-39;5.94463e-39;4.74606e-39;8.78923e-39;6.59746e-39
0.499073;0.312703;0.790181;1.03249;0.727263;0.986368;0.703139;0.915901;0.722838;0.870973;0.738872;0.835941;0.731044;0.626638;0.779531;0.852723;0.763519;0.66374;0.810929;0.887269;0.748725;0.971093;0.831213;0.933826;0.773875;0.998976
0.499705;0.314007;0.788011;0.966712;0.722954;0.927839;0.690149;0.877916;0.682743;0.825285;0.713376;0.788694;0.694613;0.569441;0.751035;0.801391;0.759045;0.604559;0.781605;0.833185;0.74359;0.882211;0.802684;0.874046;0.748881;0.915655
0.497438;0.311666;0.226752;1.02555;0.198368;0.901772;0.214806;0.798113;0.283668;0.706515;0.186782;0.807238;0.25039;0.59257;0.216785;0.835517;0.281071;0.610167;0.256256;0.863058;0.286819;0.784834;0.296964;0.890996;0.310633;0.803876
0.496671;0.311306;0.225991;0.972928;0.190376;0.872983;0.196034;0.770873;0.250978;0.675518;0.176555;0.830755;0.241329;0.637338;0.206355;0.871119;0.284865;0.69209;0.243986;0.903605;0.298554;0.774528;0.286324;0.926688;0.324735;0.799622
0.498538;0.312092;0.21796;1.00294;0.184395;0.910523;0.185006;0.809433;0.245007;0.705893;0.175862;0.832472;0.222045;0.671445;0.199772;0.874019;0.277128;0.713959;0.233725;0.91549;0.300432;0.783127;0.268901;0.950022;0.307788;0.854089
0.499446;0.310792;0.233169;0.999576;0.211522;0.885804;0.196836;0.798322;0.201184;0.71189;0.152905;0.840014;0.22586;0.754932;0.171579;0.892274;0.256033;0.8073;0.201692;0.936162;0.274231;0.886167;0.233321;0.96782;0.288326;0.92556
0.498813;0.310568;0.232445;0.99009;0.207823;0.895062;0.206872;0.822317;0.229681;0.753641;0.175727;0.864137;0.227363;0.825855;0.18955;0.896297;0.251318;0.840974;0.212507;0.921315;0.27343;0.877029;0.236817;0.940944;0.282299;0.91963
0.498659;0.310948;0.231703;0.994189;0.269502;0.923324;0.273775;0.874919;0.256421;0.832393;0.223533;0.829015;0.232785;0.83733;0.198763;0.849159;0.216794;0.859841;0.181251;0.871454;0.202941;0.888014;0.167756;0.895633;0.18836;0.913
