face_x;face_y;landmark_x_1;landmark_y_1;landmark_x_2;landmark_y_2;landmark_x_3;landmark_y_3;landmark_x_4;landmark_y_4;landmark_x_5;landmark_y_5;landmark_x_6;landmark_y_6;landmark_x_7;landmark_y_7;landmark_x_8;landmark_y_8;landmark_x_9;landmark_y_9;landmark_x_10;landmark_y_10;landmark_x_11;landmark_y_11;landmark_x_12;landmark_y_12
0.489413;0.273057;0.13238;0.945095;0.179724;0.892866;0.203279;0.82784;0.153755;0.7425;0.15171;0.746594;0.127662;0.672491;0.123658;0.762628;0.106595;0.733748;0.107569;0.789985;0.125056;0.821413;0.0965508;0.825052;0.0891334;0.830642
0.486484;0.273778;0.18914;0.904643;0.234547;0.849266;0.245663;0.774195;0.190648;0.69813;0.19818;0.692545;0.202391;0.653789;0.158738;0.717983;0.169713;0.705166;0.131872;0.759987;0.185677;0.813692;0.114788;0.80117;0.161591;0.850082
0.472781;0.27273;0.29745;0.693283;0.346851;0.644262;0.366281;0.572696;0.329506;0.455349;0.364276;0.500949;0.410891;0.341194;0.328625;0.493821;0.32264;0.298258;0.296819;0.512055;0.315021;0.561549;0.270726;0.538871;0.303051;0.581573
0.467533;0.277297;0.320704;0.633761;0.355413;0.615666;0.374324;0.552838;0.33388;0.453093;0.371261;0.485432;0.429271;0.339958;0.336113;0.478616;0.322578;0.286959;0.306433;0.496521;0.325271;0.545351;0.282232;0.521455;0.304333;0.566156
0.473069;0.28037;0.327382;0.629209;0.365686;0.606958;0.381473;0.545607;0.342468;0.444886;0.379518;0.481054;0.432949;0.334779;0.345235;0.475057;0.333377;0.271638;0.315099;0.492956;0.333102;0.540887;0.290179;0.515618;0.312923;0.553351
0.471258;0.277146;0.331921;0.629642;0.36827;0.606843;0.381924;0.540478;0.350565;0.433263;0.383239;0.47043;0.438071;0.316389;0.349064;0.465225;0.336101;0.275243;0.320344;0.485386;0.341955;0.532205;0.296583;0.511052;0.324228;0.551843
0.467632;0.284728;0.336256;0.625621;0.372654;0.604653;0.387294;0.538889;0.348768;0.435392;0.384547;0.467705;0.444952;0.313672;0.349639;0.46158;0.33527;0.272972;0.32056;0.481439;0.345921;0.532527;0.297391;0.507526;0.328974;0.553361
0.469505;0.282423;0.340106;0.624559;0.376993;0.602258;0.391955;0.538645;0.355333;0.433309;0.388786;0.467713;0.446648;0.310101;0.353818;0.461326;0.337384;0.268702;0.324843;0.48042;0.350443;0.5357;0.30214;0.505409;0.333557;0.55354
