face_x;face_y;landmark_x_1;landmark_y_1;landmark_x_2;landmark_y_2;landmark_x_3;landmark_y_3;landmark_x_4;landmark_y_4;landmark_x_5;landmark_y_5;landmark_x_6;landmark_y_6;landmark_x_7;landmark_y_7;landmark_x_8;landmark_y_8;landmark_x_9;landmark_y_9;landmark_x_10;landmark_y_10;landmark_x_11;landmark_y_11;landmark_x_12;landmark_y_12
0.430266;0.436285;0.224148;0.976752;0.247904;0.909983;0.261342;0.840709;0.287443;0.767219;0.239177;0.837768;0.253689;0.836139;0.228087;0.86253;0.251023;0.878482;0.224302;0.895169;0.243628;0.927312;0.219583;0.924776;0.229028;0.956061
0.438426;0.428597;0.317955;0.8977;0.366622;0.865288;0.39618;0.80432;0.366936;0.714759;0.369791;0.708379;0.390095;0.533395;0.336418;0.702403;0.351362;0.522869;0.304639;0.716443;0.357556;0.784413;0.279765;0.742649;0.342184;0.819897
0.43961;0.428846;0.582285;0.892503;0.537613;0.85253;0.509253;0.796873;0.545613;0.719968;0.514807;0.675942;0.480428;0.516813;0.547809;0.667106;0.556435;0.490776;0.5784;0.686714;0.545664;0.715953;0.604484;0.718964;0.555025;0.763521
0.439114;0.429634;0.60176;0.896536;0.588088;0.80499;0.566754;0.736165;0.517219;0.673016;0.582485;0.674543;0.566966;0.471403;0.574064;0.687457;0.496456;0.474136;0.556834;0.71541;0.49336;0.706985;0.532702;0.749128;0.473892;0.731767
0.43386;0.424601;0.355376;0.848889;0.342186;0.785955;0.353633;0.726492;0.40959;0.685432;0.345936;0.675049;0.374652;0.470202;0.371839;0.685747;0.472611;0.486806;0.397836;0.715366;0.441233;0.714346;0.422315;0.753544;0.44657;0.756932
0.432577;0.427974;0.35291;0.852268;0.341801;0.78691;0.355632;0.72768;0.414507;0.686191;0.347005;0.676133;0.378495;0.47247;0.37156;0.68917;0.471398;0.491227;0.396737;0.720584;0.438435;0.718126;0.420653;0.760364;0.44329;0.760575
0.433185;0.427325;0.35137;0.849234;0.339746;0.782776;0.352767;0.725072;0.408551;0.68592;0.348281;0.673625;0.383428;0.468371;0.373197;0.686992;0.473963;0.486211;0.397755;0.718418;0.439953;0.714686;0.421066;0.758296;0.446175;0.755545
0.43619;0.423394;0.350208;0.83916;0.342377;0.769868;0.360824;0.712924;0.419164;0.668992;0.348217;0.670461;0.388901;0.470545;0.368001;0.685191;0.471596;0.494138;0.390394;0.717638;0.437043;0.730364;0.413212;0.758818;0.439725;0.771503
0.429108;0.429618;0.69908;0.885882;0.72106;0.8518;0.72202;0.82806;0.696824;0.85876;0.673638;0.77341;0.65889;0.818;0.650652;0.814164;0.658863;0.87072;0.637847;0.861522;0.664138;0.932972;0.628577;0.905123;0.659523;0.968256
