face_x;face_y;landmark_x_1;landmark_y_1;landmark_x_2;landmark_y_2;landmark_x_3;landmark_y_3;landmark_x_4;landmark_y_4;landmark_x_5;landmark_y_5;landmark_x_6;landmark_y_6;landmark_x_7;landmark_y_7;landmark_x_8;landmark_y_8;landmark_x_9;landmark_y_9;landmark_x_10;landmark_y_10;landmark_x_11;landmark_y_11;landmark_x_12;landmark_y_12
0.463735;0.248227;0.682066;0.663993;0.682306;0.620601;0.684814;0.589813;0.679401;0.555085;0.696005;0.583154;0.680583;0.506747;0.693979;0.590852;0.677394;0.515509;0.689865;0.603487;0.676042;0.544644;0.682763;0.618385;0.674036;0.583409
0.471625;0.309209;0.439208;0.569997;0.473588;0.546245;0.49385;0.51071;0.501009;0.444463;0.486666;0.437558;0.497153;0.340358;0.467621;0.433093;0.468286;0.319361;0.450642;0.445264;0.485947;0.462641;0.440436;0.463435;0.473721;0.494941
0.469791;0.314965;0.587486;0.574825;0.557269;0.553876;0.540843;0.517115;0.530007;0.459218;0.55581;0.46343;0.547707;0.362386;0.570109;0.458969;0.552089;0.340861;0.583038;0.464893;0.544344;0.479509;0.590941;0.476176;0.549652;0.502147
0.469611;0.243073;0.718886;0.802757;0.699498;0.832003;0.688537;0.860982;0.669712;0.882687;0.712538;0.906431;0.663255;0.887119;0.723589;0.892257;0.663004;0.867165;0.729384;0.869773;0.67219;0.84165;0.734064;0.844814;0.683936;0.834603
0.466948;0.237575;0.708851;0.801476;0.690731;0.835833;0.686157;0.872564;0.692423;0.91816;0.70424;0.889925;0.708594;0.959278;0.717723;0.88638;0.71587;0.960011;0.728195;0.878213;0.719393;0.94451;0.736833;0.865748;0.723741;0.920207
0.466743;0.231091;0.707283;0.802127;0.730479;0.830677;0.738961;0.862603;0.735765;0.919437;0.729095;0.873303;0.725334;0.971881;0.713376;0.87565;0.714743;0.977774;0.698982;0.875653;0.701239;0.968286;0.686136;0.872962;0.688394;0.94693
