face_x;face_y;landmark_x_1;landmark_y_1;landmark_x_2;landmark_y_2;landmark_x_3;landmark_y_3;landmark_x_4;landmark_y_4;landmark_x_5;landmark_y_5;landmark_x_6;landmark_y_6;landmark_x_7;landmark_y_7;landmark_x_8;landmark_y_8;landmark_x_9;landmark_y_9;landmark_x_10;landmark_y_10;landmark_x_11;landmark_y_11;landmark_x_12;landmark_y_12
0.449506;0.311168;0.620035;1.01705;0.586646;1.02069;0.567373;0.9982;0.5703;0.976389;0.569634;0.913563;0.535872;0.78875;0.597784;0.910583;0.593609;0.775893;0.622902;0.927184;0.60857;0.918533;0.643449;0.952311;0.605039;1.00191
0.449351;0.312942;0.598015;1.01718;0.558511;1.00727;0.530535;0.976501;0.539801;0.978616;0.561621;0.878337;0.536839;0.725218;0.59595;0.878479;0.604346;0.728476;0.626551;0.900432;0.581766;0.957206;0.649996;0.933902;0.602016;0.98254
0.461849;0.313081;0.579861;0.942418;0.532693;0.910735;0.50086;0.857387;0.53309;0.770778;0.508501;0.745373;0.463095;0.568987;0.545766;0.74005;0.553483;0.55437;0.578526;0.760804;0.532302;0.819663;0.601353;0.795628;0.545615;0.872904
0.464058;0.315908;0.57116;0.949106;0.529949;0.920649;0.496963;0.868551;0.51859;0.803322;0.513559;0.753756;0.476558;0.587387;0.55028;0.751223;0.561259;0.573512;0.58178;0.774852;0.538014;0.830789;0.60332;0.810665;0.549346;0.877983
0.468162;0.316277;0.584517;0.951549;0.53772;0.920207;0.503908;0.872086;0.535144;0.801896;0.514897;0.753267;0.474009;0.582705;0.551687;0.751309;0.566711;0.571473;0.582977;0.775534;0.540657;0.83506;0.604387;0.810087;0.55009;0.881389
0.467985;0.313739;0.600301;0.995844;0.587516;0.917918;0.564865;0.844502;0.496699;0.772115;0.599173;0.774842;0.542726;0.580377;0.587314;0.790612;0.501297;0.573287;0.562807;0.819947;0.508373;0.811395;0.529528;0.857598;0.491073;0.803743
0.466394;0.310811;0.588593;0.956533;0.591374;0.882409;0.569731;0.814215;0.505139;0.755092;0.594747;0.784801;0.55243;0.581664;0.576967;0.808368;0.50312;0.583898;0.55111;0.845455;0.511142;0.821616;0.523413;0.886361;0.50482;0.860625
0.459025;0.312607;0.589371;0.953744;0.589876;0.880276;0.56534;0.811745;0.491524;0.760223;0.594462;0.785782;0.55138;0.583289;0.576132;0.812779;0.504477;0.584679;0.54978;0.850766;0.513123;0.82004;0.521507;0.892147;0.507115;0.859459
0.457074;0.315772;0.587636;0.946845;0.591271;0.873528;0.569204;0.804379;0.500375;0.748811;0.594863;0.779925;0.55084;0.581587;0.575934;0.806614;0.502157;0.582544;0.550078;0.844881;0.511914;0.812193;0.522479;0.887281;0.508476;0.85765
