face_x;face_y;landmark_x_1;landmark_y_1;landmark_x_2;landmark_y_2;landmark_x_3;landmark_y_3;landmark_x_4;landmark_y_4;landmark_x_5;landmark_y_5;landmark_x_6;landmark_y_6;landmark_x_7;landmark_y_7;landmark_x_8;landmark_y_8;landmark_x_9;landmark_y_9;landmark_x_10;landmark_y_10;landmark_x_11;landmark_y_11;landmark_x_12;landmark_y_12
0.401552;0.424335;0.207005;0.99641;0.201105;0.995069;0.196017;0.996105;0.190484;1.00018;0.192093;0.997732;0.192957;0.997171;0.194116;0.9979;0.192614;0.99728;0.195717;0.997757;0.196754;0.998861;0.197094;0.997184;0.198304;0.998549
0.398997;0.425609;0.237768;1.01089;0.21443;1.00996;0.195219;0.99709;0.182517;0.979676;0.185701;0.987593;0.185921;0.98063;0.197633;0.975972;0.204786;0.964639;0.213808;0.967042;0.227197;0.96278;0.231343;0.960003;0.239757;0.955719
0.394708;0.43123;0.211864;0.978511;0.239924;0.958162;0.256;0.921713;0.244342;0.879329;0.230696;0.900395;0.250126;0.847328;0.213738;0.90468;0.244116;0.88873;0.199007;0.917842;0.228923;0.950571;0.186891;0.934837;0.215784;0.962236
0.401801;0.41162;0.250007;0.92777;0.282696;0.891828;0.302166;0.830597;0.307032;0.749126;0.267408;0.781288;0.297552;0.768478;0.247669;0.80027;0.281636;0.80668;0.232376;0.831634;0.270492;0.855151;0.22156;0.865494;0.256992;0.886182
0.401581;0.410425;0.259751;0.960823;0.302109;0.929924;0.332553;0.891106;0.365611;0.848303;0.305996;0.847705;0.317997;0.830535;0.281012;0.847262;0.293388;0.837199;0.258959;0.856987;0.27187;0.861105;0.239708;0.872503;0.254915;0.885454
0.401539;0.411228;0.266325;0.923794;0.294312;0.936616;0.316385;0.942225;0.328759;0.94782;0.294319;0.915352;0.298243;0.960534;0.271538;0.91533;0.282705;0.971811;0.252608;0.920438;0.264991;0.981193;0.236823;0.927212;0.23895;0.981559
