face_x;face_y;landmark_x_1;landmark_y_1;landmark_x_2;landmark_y_2;landmark_x_3;landmark_y_3;landmark_x_4;landmark_y_4;landmark_x_5;landmark_y_5;landmark_x_6;landmark_y_6;landmark_x_7;landmark_y_7;landmark_x_8;landmark_y_8;landmark_x_9;landmark_y_9;landmark_x_10;landmark_y_10;landmark_x_11;landmark_y_11;landmark_x_12;landmark_y_12
0.45106;0.220178;0.279187;0.844552;0.245332;0.828345;0.214117;0.813235;0.159054;0.790555;0.187352;0.801307;0.13087;0.773292;0.191807;0.812518;0.130591;0.780803;0.200861;0.824214;0.141929;0.793054;0.213772;0.835935;0.153579;0.801184
0.454137;0.212656;0.77474;0.634223;0.768169;0.691309;0.755504;0.730514;0.730311;0.754416;0.722711;0.72469;0.68669;0.803552;0.718762;0.704084;0.692053;0.785745;0.721557;0.68109;0.720558;0.73345;0.730631;0.658607;0.736022;0.696624
0.460856;0.252536;0.433047;0.648289;0.46134;0.637669;0.480614;0.621469;0.496719;0.602827;0.47863;0.579741;0.483068;0.570168;0.462243;0.575532;0.471682;0.572137;0.447262;0.580466;0.454375;0.585776;0.432575;0.588216;0.439289;0.592953
0.465208;0.232187;0.700718;0.821516;0.685711;0.829699;0.669459;0.852205;0.632196;0.877182;0.691381;0.910471;0.629166;0.928229;0.695144;0.918542;0.625031;0.916837;0.694763;0.917177;0.630756;0.910756;0.69569;0.90848;0.657618;0.908194
0.471838;0.220837;0.697931;0.834984;0.678872;0.871938;0.668663;0.911027;0.649302;0.98174;0.696502;0.972385;0.627237;0.958527;0.696959;0.969321;0.625203;0.944911;0.692453;0.959311;0.629662;0.929371;0.688388;0.947028;0.642764;0.935415
0.457485;0.229555;0.692487;0.840105;0.681374;0.907758;0.677378;0.957283;0.681105;1.01702;0.686182;0.977904;0.663873;0.999855;0.690332;0.969285;0.665248;0.989102;0.691965;0.961007;0.672584;0.972258;0.693291;0.9568;0.676332;0.966262
0.457009;0.224727;0.691766;0.840741;0.687968;0.886224;0.687891;0.924507;0.679218;0.977304;0.718891;0.964716;0.685325;1.0089;0.71395;0.969818;0.68078;1.00093;0.70204;0.969954;0.674789;0.979974;0.687427;0.970054;0.668876;0.976772
0.443152;0.230606;6.28212e-39;5.13177e-39;3.88349e-39;4.51463e-39;1.7862e-39;3.57179e-39;-5.79703e-41;2.02038e-39;4.55848e-39;5.17462e-39;5.3058e-39;4.32606e-39;6.48703e-39;5.43176e-39;8.25888e-39;4.27464e-39;7.99973e-39;5.91176e-39;9.95841e-39;4.72892e-39;9.12673e-39;6.13461e-39;1.04888e-38;4.22321e-39
