face_x;face_y;landmark_x_1;landmark_y_1;landmark_x_2;landmark_y_2;landmark_x_3;landmark_y_3;landmark_x_4;landmark_y_4;landmark_x_5;landmark_y_5;landmark_x_6;landmark_y_6;landmark_x_7;landmark_y_7;landmark_x_8;landmark_y_8;landmark_x_9;landmark_y_9;landmark_x_10;landmark_y_10;landmark_x_11;landmark_y_11;landmark_x_12;landmark_y_12
0.553732;0.31928;0.277611;0.876739;0.320273;0.849166;0.354015;0.791026;0.357916;0.700446;0.34293;0.695021;0.34909;0.570439;0.315311;0.707835;0.323918;0.678159;0.292275;0.738309;0.3069;0.760144;0.272408;0.773977;0.281468;0.799132
0.554471;0.314448;0.327823;0.829256;0.37034;0.803072;0.390342;0.740877;0.37871;0.638173;0.370239;0.651945;0.374489;0.576286;0.335477;0.664587;0.347906;0.634138;0.306019;0.693733;0.322508;0.744983;0.281345;0.724956;0.291935;0.763366
0.556718;0.310926;0.339293;0.807909;0.38737;0.769716;0.409839;0.705663;0.390015;0.593602;0.39368;0.624997;0.405932;0.545421;0.357438;0.625787;0.381579;0.625025;0.327278;0.643712;0.350217;0.697803;0.30255;0.668152;0.321376;0.710617
0.555652;0.307582;0.370953;0.769354;0.409549;0.743757;0.428631;0.676896;0.395205;0.580702;0.421942;0.601646;0.457347;0.489151;0.385572;0.597324;0.400142;0.49075;0.353397;0.612932;0.376502;0.663709;0.326803;0.636187;0.353626;0.685922
0.551312;0.315714;0.283161;0.759434;0.320682;0.69454;0.341832;0.639839;0.372529;0.562514;0.288642;0.609724;0.302992;0.584016;0.267397;0.630496;0.282003;0.598337;0.254234;0.658703;0.262614;0.633282;0.245711;0.689508;0.225399;0.656855
0.5478;0.314565;0.288891;0.682932;0.313677;0.629075;0.33479;0.589379;0.360388;0.526166;0.30868;0.642853;0.291782;0.622812;0.288237;0.672504;0.269084;0.680345;0.272109;0.700826;0.253789;0.713867;0.25881;0.724685;0.228504;0.753418
0.549496;0.3122;0.269395;0.68877;0.307744;0.632316;0.338822;0.589853;0.382538;0.520439;0.307972;0.623157;0.310771;0.596036;0.282797;0.650858;0.298384;0.687486;0.26228;0.680255;0.268543;0.740739;0.24541;0.70824;0.233848;0.750083
0.550717;0.311721;0.299645;0.616202;0.323236;0.597466;0.340033;0.586864;0.340942;0.575727;0.320193;0.630225;0.310875;0.657138;0.298257;0.649652;0.289874;0.678923;0.280137;0.658709;0.27303;0.709443;0.264458;0.660567;0.246507;0.681101
