face_x;face_y;landmark_x_1;landmark_y_1;landmark_x_2;landmark_y_2;landmark_x_3;landmark_y_3;landmark_x_4;landmark_y_4;landmark_x_5;landmark_y_5;landmark_x_6;landmark_y_6;landmark_x_7;landmark_y_7;landmark_x_8;landmark_y_8;landmark_x_9;landmark_y_9;landmark_x_10;landmark_y_10;landmark_x_11;landmark_y_11;landmark_x_12;landmark_y_12
0.545504;0.344362;0.277931;0.984006;0.246339;0.879498;0.201718;0.829314;0.153607;0.801664;0.127846;0.913309;0.199606;0.798484;0.134746;0.951892;0.239536;0.802895;0.156715;0.981353;0.255904;0.840817;0.184639;1.00607;0.236907;0.881351
0.544333;0.345701;0.237222;0.963168;0.198442;0.88303;0.171826;0.834787;0.182358;0.845613;0.168599;0.932937;0.153747;0.848184;0.201527;0.971284;0.189713;0.839335;0.237469;0.994735;0.233049;0.8575;0.268096;1.00524;0.257618;0.88684
0.541454;0.341732;0.308549;0.942744;0.322524;0.880346;0.309869;0.822656;0.302921;0.781866;0.226142;0.826033;0.189034;0.81354;0.207426;0.858319;0.252673;0.860321;0.203972;0.893488;0.262308;0.890635;0.207013;0.928037;0.256195;0.910122
0.535944;0.347011;0.297974;0.927702;0.345262;0.883141;0.368183;0.814619;0.33951;0.729624;0.33857;0.72223;0.361307;0.645373;0.297928;0.723248;0.30778;0.691001;0.26606;0.74592;0.312795;0.817498;0.242785;0.781912;0.291035;0.84919
0.53438;0.345045;0.317105;0.862544;0.360592;0.841809;0.384504;0.777628;0.355531;0.689669;0.361915;0.689638;0.388468;0.57395;0.322979;0.686425;0.338882;0.619639;0.291624;0.706267;0.326434;0.788737;0.268629;0.738397;0.301636;0.813142
0.522614;0.348188;0.622083;0.697629;0.581207;0.660534;0.563244;0.60144;0.586137;0.506358;0.580623;0.508255;0.554006;0.338775;0.61185;0.509287;0.6313;0.320823;0.640661;0.530237;0.603513;0.600168;0.666567;0.55559;0.625027;0.595165
0.51876;0.342202;0.716013;0.938975;0.70179;0.856874;0.682434;0.776919;0.619354;0.673395;0.70291;0.705834;0.61228;0.731165;0.68142;0.737323;0.601644;0.7524;0.660176;0.771818;0.60282;0.776941;0.642671;0.806032;0.596006;0.774892
