face_x;face_y;landmark_x_1;landmark_y_1;landmark_x_2;landmark_y_2;landmark_x_3;landmark_y_3;landmark_x_4;landmark_y_4;landmark_x_5;landmark_y_5;landmark_x_6;landmark_y_6;landmark_x_7;landmark_y_7;landmark_x_8;landmark_y_8;landmark_x_9;landmark_y_9;landmark_x_10;landmark_y_10;landmark_x_11;landmark_y_11;landmark_x_12;landmark_y_12
0.500834;0.327447;0.717261;0.958815;0.71225;0.960473;0.685848;0.947664;0.632485;0.958632;0.678975;0.863766;0.641634;0.678677;0.668014;0.864629;0.611325;0.681776;0.655868;0.873391;0.58754;0.743156;0.647203;0.88507;0.624439;0.892796
0.502116;0.327936;0.718554;0.957258;0.681049;0.959468;0.653955;0.940766;0.617002;0.931932;0.651055;0.835835;0.605379;0.66533;0.66499;0.837759;0.624665;0.665295;0.674682;0.853555;0.62426;0.827258;0.680183;0.8743;0.666598;0.965226
0.50881;0.32826;0.712149;0.993784;0.648127;0.99072;0.617356;0.976963;0.6126;1.00147;0.631;0.846191;0.550799;0.665359;0.668253;0.851534;0.663618;0.632315;0.702312;0.87209;0.66351;0.999524;0.726301;0.905529;0.677211;1.03768
0.511347;0.328984;0.67592;1.04273;0.626519;1.01566;0.602508;0.972661;0.644118;0.942611;0.611237;0.838654;0.526788;0.648823;0.651384;0.83793;0.642354;0.593325;0.687383;0.863671;0.643188;0.953252;0.712501;0.9012;0.660114;0.974205
0.506255;0.332363;0.665259;1.02181;0.614289;1.00112;0.584002;0.965754;0.60726;0.956979;0.59391;0.827473;0.519418;0.632159;0.634331;0.83123;0.637829;0.595269;0.669398;0.862098;0.621861;0.944036;0.694175;0.90577;0.63713;0.972986
0.504529;0.332727;0.634281;0.995512;0.586024;0.9892;0.557543;0.959585;0.588022;0.950407;0.577773;0.832145;0.510746;0.626701;0.618641;0.836208;0.629282;0.597732;0.654385;0.867098;0.605318;0.946613;0.678481;0.91033;0.620029;0.986623
0.498766;0.336725;0.288177;0.939874;0.3462;0.917525;0.389875;0.873816;0.397125;0.798402;0.38866;0.727721;0.431123;0.528317;0.350229;0.718211;0.34562;0.492959;0.315404;0.735306;0.338773;0.795586;0.283963;0.769747;0.314114;0.819609
0.504584;0.331711;0.236278;1.02141;0.210564;0.921429;0.217637;0.845195;0.271335;0.762371;0.214696;0.817132;0.263788;0.574228;0.250749;0.839887;0.322923;0.568594;0.290751;0.864541;0.346167;0.718306;0.32625;0.888278;0.362632;0.738953
0.501616;0.333542;0.195727;0.974724;0.214102;0.920752;0.216909;0.878687;0.19942;0.844324;0.216868;0.848026;0.189368;0.843284;0.199986;0.853761;0.173764;0.855361;0.183122;0.867687;0.164363;0.881994;0.167522;0.884064;0.154983;0.90075
