face_x;face_y;landmark_x_1;landmark_y_1;landmark_x_2;landmark_y_2;landmark_x_3;landmark_y_3;landmark_x_4;landmark_y_4;landmark_x_5;landmark_y_5;landmark_x_6;landmark_y_6;landmark_x_7;landmark_y_7;landmark_x_8;landmark_y_8;landmark_x_9;landmark_y_9;landmark_x_10;landmark_y_10;landmark_x_11;landmark_y_11;landmark_x_12;landmark_y_12
0.421303;0.400268;0.241769;0.960821;0.223981;0.96056;0.223378;0.950253;0.224155;0.944055;0.24137;0.956091;0.277124;0.874231;0.251843;0.947875;0.287718;0.907286;0.258346;0.941259;0.313283;0.895435;0.259194;0.936392;0.246734;0.96423
0.431622;0.4028;0.571348;1.02394;0.588482;0.93164;0.590086;0.842812;0.551781;0.746293;0.609301;0.74562;0.633847;0.485743;0.57673;0.745548;0.534004;0.467794;0.542996;0.760568;0.513822;0.741995;0.51136;0.778554;0.47972;0.724718
0.433201;0.407852;0.567556;0.980468;0.593652;0.894029;0.588381;0.80964;0.528733;0.734753;0.598729;0.757695;0.612607;0.50507;0.561118;0.765647;0.495718;0.491895;0.524567;0.791781;0.510769;0.761033;0.491868;0.815815;0.497478;0.781084
0.435277;0.408168;0.562845;0.998143;0.590822;0.90927;0.584976;0.818465;0.523658;0.73888;0.594104;0.772912;0.609076;0.514353;0.555328;0.781632;0.484634;0.504894;0.518128;0.806304;0.502617;0.782509;0.484714;0.829306;0.487802;0.778115
0.423462;0.404577;0.620244;1.12687;0.647554;1.0031;0.623422;0.873536;0.523636;0.742677;0.654348;0.893745;0.57188;0.626868;0.619071;0.938915;0.494621;0.713321;0.576679;0.980588;0.556409;0.926126;0.536473;1.01681;0.540282;0.963497
0.424333;0.405747;0.638866;1.15651;0.600315;1.03724;0.576669;0.934385;0.513959;0.814561;0.644841;0.897133;0.507948;0.801425;0.642939;0.92741;0.492706;0.822552;0.623664;0.960677;0.482257;0.854789;0.597014;0.994927;0.499442;0.907361
