face_x;face_y;landmark_x_1;landmark_y_1;landmark_x_2;landmark_y_2;landmark_x_3;landmark_y_3;landmark_x_4;landmark_y_4;landmark_x_5;landmark_y_5;landmark_x_6;landmark_y_6;landmark_x_7;landmark_y_7;landmark_x_8;landmark_y_8;landmark_x_9;landmark_y_9;landmark_x_10;landmark_y_10;landmark_x_11;landmark_y_11;landmark_x_12;landmark_y_12
0.468349;0.331682;0.360041;0.971183;0.403882;0.949345;0.426375;0.904826;0.393818;0.853934;0.405047;0.823288;0.420746;0.649188;0.376662;0.818986;0.374106;0.648623;0.352896;0.835962;0.383373;0.883356;0.335228;0.863839;0.368003;0.916408
0.463802;0.343188;0.405066;0.870057;0.447105;0.838416;0.472914;0.778459;0.440042;0.694453;0.470928;0.689822;0.490505;0.512265;0.439132;0.685206;0.428106;0.502789;0.411567;0.703041;0.438868;0.749847;0.387945;0.732565;0.419437;0.78377
0.469225;0.340311;0.58814;0.87671;0.543735;0.837906;0.516964;0.780892;0.559717;0.715957;0.530998;0.6819;0.501164;0.529947;0.564354;0.679155;0.580918;0.503335;0.592064;0.701165;0.557132;0.734641;0.612361;0.734642;0.566524;0.780615
0.470503;0.339846;0.588751;0.867207;0.545341;0.832227;0.518927;0.779155;0.557678;0.711837;0.530916;0.679521;0.503181;0.531258;0.563972;0.676956;0.579616;0.508685;0.592192;0.698282;0.559574;0.734724;0.613777;0.729905;0.566963;0.783577
0.477685;0.336006;0.606615;0.946026;0.607685;0.851077;0.589995;0.776533;0.527688;0.699408;0.608394;0.748539;0.585071;0.54172;0.586831;0.768602;0.527761;0.529228;0.558713;0.799663;0.508816;0.746813;0.528377;0.833682;0.503621;0.734503
0.480688;0.340698;0.379125;0.906433;0.365659;0.825421;0.379288;0.765784;0.426309;0.729129;0.382804;0.720503;0.405041;0.518849;0.411304;0.730301;0.490565;0.538948;0.438179;0.759158;0.456507;0.752123;0.460553;0.794495;0.463349;0.794335
0.475995;0.342174;0.377036;0.909608;0.363024;0.832093;0.375848;0.771143;0.425118;0.740704;0.381785;0.724874;0.404633;0.516106;0.411005;0.733214;0.491338;0.536155;0.438499;0.761668;0.460752;0.754673;0.461743;0.796375;0.462745;0.798918
0.471064;0.341843;0.344124;0.958348;0.32306;0.881015;0.333531;0.806634;0.373009;0.733863;0.359842;0.822197;0.388181;0.727081;0.379241;0.856327;0.401747;0.824351;0.391301;0.89744;0.375247;0.87324;0.39953;0.933928;0.381743;0.912547
