face_x;face_y;landmark_x_1;landmark_y_1;landmark_x_2;landmark_y_2;landmark_x_3;landmark_y_3;landmark_x_4;landmark_y_4;landmark_x_5;landmark_y_5;landmark_x_6;landmark_y_6;landmark_x_7;landmark_y_7;landmark_x_8;landmark_y_8;landmark_x_9;landmark_y_9;landmark_x_10;landmark_y_10;landmark_x_11;landmark_y_11;landmark_x_12;landmark_y_12
0.442492;0.423671;0.19744;0.998154;0.238024;0.993433;0.261909;0.967045;0.27262;0.941931;0.239346;0.906184;0.275354;0.799684;0.210171;0.912691;0.249863;0.840924;0.181341;0.930295;0.186657;0.98109;0.156768;0.953735;0.166161;1.00134
0.443068;0.424928;0.185242;0.983636;0.227945;0.964767;0.261199;0.91487;0.250807;0.826257;0.238327;0.861552;0.282558;0.716382;0.208599;0.853927;0.247964;0.826472;0.180486;0.861706;0.206628;0.916941;0.15535;0.878794;0.181735;0.930185
0.443886;0.420925;0.193109;0.924397;0.22956;0.918252;0.256126;0.853766;0.254194;0.72608;0.271381;0.785967;0.355399;0.639498;0.241071;0.767036;0.298277;0.580599;0.209987;0.771073;0.209365;0.835403;0.180277;0.787641;0.182214;0.838466
0.442068;0.404108;0.325461;0.856312;0.297178;0.782104;0.303323;0.707619;0.355356;0.644341;0.291632;0.709624;0.292048;0.489823;0.324306;0.726816;0.365565;0.51707;0.358802;0.747007;0.37337;0.692093;0.38733;0.762637;0.393949;0.625024
0.444404;0.411018;0.501995;0.884689;0.528995;0.816326;0.530406;0.738594;0.508597;0.626944;0.51024;0.725723;0.506272;0.513329;0.471725;0.738149;0.390299;0.522247;0.440804;0.756857;0.429371;0.678796;0.418677;0.778865;0.385945;0.650759
0.445676;0.412923;0.508541;0.890773;0.534658;0.811754;0.53424;0.732661;0.508032;0.625343;0.513086;0.721256;0.50487;0.499782;0.476357;0.733297;0.39892;0.513256;0.446432;0.752875;0.424753;0.681868;0.424306;0.775164;0.398203;0.662205
0.443398;0.422765;0.257793;1.01236;0.23768;0.909271;0.251238;0.80355;0.327733;0.711797;0.23647;0.844605;0.337093;0.650783;0.260249;0.887386;0.379014;0.725784;0.294146;0.926967;0.387233;0.78637;0.329449;0.95613;0.402862;0.819077
0.443607;0.424889;0.295255;1.01864;0.342492;0.934786;0.356749;0.850074;0.350306;0.737618;0.321156;0.801461;0.316642;0.756681;0.289687;0.818017;0.296963;0.782529;0.265577;0.847236;0.278365;0.826052;0.244314;0.881304;0.265819;0.851727
0.446606;0.426132;0.285493;1.00489;0.353298;0.949836;0.372251;0.897258;0.372848;0.849346;0.326809;0.819077;0.314948;0.804278;0.291003;0.825325;0.296622;0.838989;0.260998;0.854838;0.274375;0.898861;0.23785;0.895375;0.265665;0.937322
