face_x;face_y;landmark_x_1;landmark_y_1;landmark_x_2;landmark_y_2;landmark_x_3;landmark_y_3;landmark_x_4;landmark_y_4;landmark_x_5;landmark_y_5;landmark_x_6;landmark_y_6;landmark_x_7;landmark_y_7;landmark_x_8;landmark_y_8;landmark_x_9;landmark_y_9;landmark_x_10;landmark_y_10;landmark_x_11;landmark_y_11;landmark_x_12;landmark_y_12
0.439456;0.407997;0.664583;0.362287;0.6439;0.322217;0.630478;0.274748;0.616808;0.229534;0.656712;0.23438;0.633586;0.223847;0.667113;0.234884;0.64179;0.231485;0.672601;0.245528;0.647751;0.244403;0.675142;0.259993;0.650183;0.256398
0.441277;0.412386;0.153247;0.827683;0.139979;0.845154;0.138597;0.869587;0.14946;0.908649;0.131255;0.907584;0.16495;0.917128;0.141908;0.918017;0.178521;0.918041;0.154465;0.919718;0.186234;0.91375;0.167563;0.916247;0.190997;0.918044
0.458719;0.409493;0.574544;0.906995;0.538226;0.907081;0.504415;0.863587;0.464618;0.803813;0.517532;0.776506;0.474304;0.649123;0.540185;0.769014;0.487779;0.610722;0.564571;0.777461;0.505269;0.73678;0.588834;0.791779;0.534836;0.794562
0.460586;0.41347;0.611427;0.956329;0.558865;0.908311;0.519417;0.871288;0.458166;0.900079;0.589622;0.840761;0.496225;0.914273;0.61167;0.885459;0.513851;0.961787;0.621607;0.93693;0.538702;1.01656;0.62761;0.983316;0.564956;1.0374
0.462996;0.411792;0.570877;0.979424;0.533379;0.998637;0.500192;0.99496;0.482212;1.01811;0.524082;0.888406;0.512425;0.992476;0.560008;0.880272;0.551532;0.996521;0.591838;0.894796;0.572566;1.01394;0.616623;0.919993;0.596552;1.00816
0.446667;0.410054;0.657606;0.383392;0.691604;0.322761;0.694362;0.269841;0.664155;0.228898;0.667285;0.25915;0.652193;0.228242;0.64206;0.271067;0.638741;0.247575;0.620631;0.288765;0.621675;0.280686;0.605052;0.309772;0.608952;0.307881
0.448516;0.410469;0.653662;0.37242;0.686521;0.312389;0.691746;0.263875;0.666644;0.232831;0.669526;0.252879;0.650969;0.223711;0.639791;0.264444;0.634704;0.244929;0.614878;0.283141;0.619611;0.273239;0.596982;0.302909;0.602731;0.301519
