face_x;face_y;landmark_x_1;landmark_y_1;landmark_x_2;landmark_y_2;landmark_x_3;landmark_y_3;landmark_x_4;landmark_y_4;landmark_x_5;landmark_y_5;landmark_x_6;landmark_y_6;landmark_x_7;landmark_y_7;landmark_x_8;landmark_y_8;landmark_x_9;landmark_y_9;landmark_x_10;landmark_y_10;landmark_x_11;landmark_y_11;landmark_x_12;landmark_y_12
0.39944;0.295207;0.651326;0.938301;0.650502;0.957802;0.656762;0.970224;0.665084;0.975984;0.666036;0.922719;0.652385;0.93742;0.664044;0.910369;0.650019;0.937924;0.660412;0.905411;0.644372;0.935689;0.658394;0.902648;0.642475;0.929706
0.401411;0.309231;0.615449;0.893329;0.631291;0.894127;0.639847;0.886369;0.642525;0.869536;0.642346;0.856175;0.626121;0.886754;0.635348;0.848864;0.62128;0.891292;0.627346;0.847486;0.615002;0.889091;0.61867;0.847596;0.609275;0.881823
0.410828;0.317329;0.359451;0.726668;0.385205;0.73922;0.398983;0.739373;0.409521;0.732326;0.403246;0.702592;0.422834;0.724865;0.388804;0.692785;0.399146;0.722055;0.371328;0.691072;0.373048;0.724113;0.353387;0.693748;0.353626;0.717912
0.406197;0.318304;0.303845;0.780734;0.347039;0.804304;0.381942;0.824351;0.393174;0.857682;0.396662;0.749555;0.407452;0.841418;0.37404;0.731764;0.39232;0.844077;0.346656;0.729248;0.362124;0.845052;0.321682;0.737766;0.333571;0.841209
0.401794;0.3161;0.325483;0.790126;0.363666;0.8178;0.392996;0.853031;0.394076;0.930815;0.378465;0.789942;0.384685;0.913805;0.350745;0.775008;0.353092;0.918886;0.323265;0.773215;0.316414;0.911671;0.300938;0.778731;0.28343;0.89286
0.400372;0.317583;0.273804;0.859925;0.315894;0.882883;0.353178;0.910107;0.372601;0.958778;0.362281;0.883666;0.363118;0.993001;0.340049;0.876088;0.330078;1.00959;0.312274;0.87594;0.299466;1.0004;0.285309;0.87945;0.279178;0.97721
0.397099;0.309794;4.60325e-40;1.37753e-39;8.09875e-40;6.10033e-39;1.71388e-39;9.92313e-39;2.03932e-39;1.41574e-38;6.92095e-39;7.86602e-39;8.76512e-39;6.88889e-39;7.75264e-39;4.80606e-39;8.54816e-39;2.90323e-39;7.93947e-39;2.09752e-39;6.83658e-39;6.06115e-40;7.608e-39;-5.33871e-40;6.42676e-39;-1.26243e-39
