face_x;face_y;landmark_x_1;landmark_y_1;landmark_x_2;landmark_y_2;landmark_x_3;landmark_y_3;landmark_x_4;landmark_y_4;landmark_x_5;landmark_y_5;landmark_x_6;landmark_y_6;landmark_x_7;landmark_y_7;landmark_x_8;landmark_y_8;landmark_x_9;landmark_y_9;landmark_x_10;landmark_y_10;landmark_x_11;landmark_y_11;landmark_x_12;landmark_y_12
0.470541;0.209282;0.257743;0.866447;0.263647;0.848234;0.256927;0.859782;0.237242;0.887202;0.238829;0.940724;0.222307;0.9137;0.241414;0.956546;0.248292;0.899825;0.24893;0.953928;0.272431;0.875059;0.258459;0.943187;0.289079;0.870659
0.459761;0.223251;0.298981;0.811209;0.283475;0.787128;0.273784;0.771343;0.266294;0.744252;0.260667;0.827585;0.267396;0.772034;0.267184;0.847449;0.278585;0.769322;0.279038;0.853733;0.289269;0.784952;0.291329;0.85876;0.295739;0.801384
0.455326;0.251555;0.687674;0.732768;0.674932;0.683337;0.669876;0.650841;0.666415;0.596248;0.675927;0.646011;0.659922;0.58397;0.681027;0.641801;0.66841;0.57261;0.685932;0.641343;0.674647;0.583531;0.690991;0.643862;0.679141;0.598924
0.451857;0.296894;0.585987;0.569468;0.551911;0.550888;0.532061;0.522636;0.520842;0.467039;0.538253;0.456637;0.509366;0.366036;0.554889;0.45061;0.525308;0.341072;0.57266;0.45722;0.529798;0.460269;0.586186;0.471362;0.536886;0.486439
0.450347;0.277366;0.637928;0.612122;0.6454;0.556524;0.637742;0.513325;0.613148;0.473263;0.651423;0.499365;0.652543;0.374027;0.639426;0.510154;0.640644;0.37264;0.622582;0.52676;0.596959;0.467247;0.603469;0.546258;0.587667;0.512366
0.45757;0.213092;0.680743;0.812806;0.702835;0.822528;0.710122;0.856444;0.696526;0.917267;0.686818;0.943521;0.685449;1.03716;0.670471;0.944824;0.646989;1.04434;0.657965;0.932824;0.654983;0.982405;0.652655;0.914371;0.6716;0.880721
0.456455;0.207642;0.700518;0.819488;0.696081;0.869088;0.686259;0.921052;0.665972;1.01042;0.704909;0.964204;0.665116;1.02226;0.695361;0.953813;0.648842;1.00393;0.685148;0.943604;0.644328;0.983429;0.675816;0.93204;0.649184;0.968564
0.451541;0.202277;0.694517;0.815415;0.708206;0.872722;0.70849;0.930695;0.712912;1.0145;0.682402;0.968686;0.702347;1.01548;0.679338;0.951732;0.697582;1.00206;0.68016;0.934413;0.696042;0.984363;0.681627;0.921395;0.694848;0.973353
0.458249;0.203554;0.692003;0.817862;0.697739;0.868209;0.698932;0.916364;0.701861;0.981847;0.696431;0.96045;0.705029;1.03186;0.695502;0.952031;0.703474;1.0232;0.696593;0.94157;0.703082;0.998552;0.696987;0.933635;0.701984;0.978583
