face_x;face_y;landmark_x_1;landmark_y_1;landmark_x_2;landmark_y_2;landmark_x_3;landmark_y_3;landmark_x_4;landmark_y_4;landmark_x_5;landmark_y_5;landmark_x_6;landmark_y_6;landmark_x_7;landmark_y_7;landmark_x_8;landmark_y_8;landmark_x_9;landmark_y_9;landmark_x_10;landmark_y_10;landmark_x_11;landmark_y_11;landmark_x_12;landmark_y_12
0.47014;0.335747;0.338777;0.963793;0.380623;0.94183;0.408532;0.906866;0.397172;0.866393;0.383516;0.814246;0.39528;0.66306;0.353027;0.806957;0.353742;0.663655;0.324771;0.821344;0.360943;0.885526;0.302948;0.847712;0.343867;0.917416
0.479426;0.334504;0.612574;0.852499;0.556501;0.810569;0.524033;0.75045;0.542296;0.679393;0.536521;0.646348;0.516342;0.49132;0.570915;0.641983;0.590202;0.478073;0.599605;0.663147;0.559988;0.707095;0.62201;0.695831;0.577545;0.74911
0.481806;0.336309;0.596393;0.839259;0.54972;0.80913;0.518599;0.749752;0.520352;0.665555;0.523008;0.66241;0.492021;0.492042;0.558147;0.657469;0.578183;0.497741;0.590425;0.67404;0.553061;0.724447;0.616865;0.699728;0.574891;0.764362
0.481068;0.338949;0.600914;0.842111;0.555332;0.817721;0.523867;0.766537;0.532851;0.694399;0.532547;0.665545;0.503959;0.504049;0.567351;0.659416;0.583007;0.484239;0.598491;0.677754;0.556798;0.721492;0.622848;0.706081;0.575216;0.76075
0.484425;0.339169;0.371374;0.962668;0.355941;0.879649;0.369703;0.81252;0.423472;0.763233;0.382541;0.759164;0.431824;0.565543;0.415603;0.774079;0.509445;0.585243;0.444377;0.802977;0.453248;0.788972;0.467772;0.83791;0.458077;0.827311
0.482887;0.337868;0.376835;0.933161;0.366979;0.847977;0.389617;0.786952;0.463968;0.750032;0.388348;0.754489;0.434884;0.558354;0.417998;0.772387;0.515324;0.576514;0.445201;0.804938;0.457765;0.786168;0.468899;0.840494;0.463104;0.82672
