face_x;face_y;landmark_x_1;landmark_y_1;landmark_x_2;landmark_y_2;landmark_x_3;landmark_y_3;landmark_x_4;landmark_y_4;landmark_x_5;landmark_y_5;landmark_x_6;landmark_y_6;landmark_x_7;landmark_y_7;landmark_x_8;landmark_y_8;landmark_x_9;landmark_y_9;landmark_x_10;landmark_y_10;landmark_x_11;landmark_y_11;landmark_x_12;landmark_y_12
0.472273;0.210944;8.37941e-39;5.59462e-39;4.51027e-39;4.59177e-39;1.36433e-39;4.04321e-39;-2.26719e-40;3.01465e-39;2.73842e-39;5.89461e-39;1.09916e-39;9.16886e-39;5.01651e-39;6.08318e-39;3.34109e-39;8.46601e-39;7.38501e-39;6.1689e-39;6.05311e-39;7.71173e-39;9.78364e-39;5.99747e-39;8.93387e-39;6.63175e-39
0.460755;0.22871;0.679996;0.87917;0.691309;0.867929;0.703697;0.863228;0.720122;0.863041;0.711074;0.901591;0.72849;0.909612;0.703856;0.912698;0.717948;0.924313;0.694588;0.918673;0.704377;0.925952;0.684438;0.921571;0.693156;0.939439
0.458656;0.250478;0.717746;0.815203;0.701522;0.798415;0.693324;0.781369;0.686888;0.749453;0.719923;0.762501;0.709238;0.71849;0.728482;0.767271;0.712159;0.726783;0.73199;0.774117;0.710311;0.740173;0.731718;0.781802;0.71189;0.753845
0.448617;0.24781;0.432144;0.664459;0.456803;0.672362;0.471457;0.670445;0.484096;0.665643;0.472763;0.645191;0.486811;0.592522;0.45704;0.635311;0.465429;0.608353;0.440918;0.632632;0.441869;0.624562;0.426164;0.63089;0.429018;0.630796
0.449521;0.216055;0.430555;0.963709;0.449368;0.973352;0.468254;0.980062;0.485813;0.97205;0.492058;0.987068;0.483971;0.948181;0.486812;0.969358;0.472847;0.940489;0.477605;0.95106;0.461613;0.929778;0.468088;0.933261;0.45193;0.923187
