face_x;face_y;landmark_x_1;landmark_y_1;landmark_x_2;landmark_y_2;landmark_x_3;landmark_y_3;landmark_x_4;landmark_y_4;landmark_x_5;landmark_y_5;landmark_x_6;landmark_y_6;landmark_x_7;landmark_y_7;landmark_x_8;landmark_y_8;landmark_x_9;landmark_y_9;landmark_x_10;landmark_y_10;landmark_x_11;landmark_y_11;landmark_x_12;landmark_y_12
0.455739;0.212019;0.750222;0.909024;0.756061;0.927815;0.771081;0.940569;0.790421;0.959541;0.781082;0.915468;0.815317;0.965672;0.780662;0.905403;0.813531;0.96158;0.778825;0.902429;0.803723;0.951895;0.775871;0.901088;0.794834;0.943797
0.460256;0.252097;0.298389;0.847191;0.288483;0.822012;0.287079;0.778681;0.293284;0.709006;0.279515;0.759906;0.289901;0.645715;0.290401;0.768121;0.302293;0.64414;0.302158;0.779222;0.313631;0.675423;0.315115;0.792137;0.326576;0.71575
0.44911;0.278645;0.667482;0.668348;0.648611;0.647242;0.639086;0.627112;0.639497;0.58145;0.666798;0.594342;0.655671;0.523358;0.677563;0.582893;0.669804;0.502692;0.68495;0.577654;0.665268;0.517322;0.687077;0.579537;0.669347;0.524469
0.449838;0.318993;0.595548;0.606995;0.604867;0.560407;0.593008;0.519928;0.557011;0.486776;0.600568;0.503153;0.590943;0.378712;0.581781;0.513438;0.555096;0.374936;0.562501;0.529948;0.558525;0.495568;0.545834;0.549837;0.551228;0.530692
0.445884;0.266219;0.694691;0.82311;0.668498;0.84863;0.656723;0.882107;0.635237;0.928554;0.669174;0.928563;0.636214;0.952897;0.682416;0.924033;0.646711;0.941809;0.693158;0.911551;0.661523;0.928491;0.703067;0.894256;0.67663;0.919219
0.446801;0.255852;0.689996;0.82904;0.666713;0.873933;0.663252;0.913804;0.665601;0.974981;0.684404;0.938575;0.661967;0.968352;0.695724;0.934872;0.669854;0.958437;0.701445;0.926276;0.671049;0.938687;0.70441;0.91608;0.676114;0.920613
0.443537;0.252906;0.690593;0.827576;0.694691;0.873092;0.693045;0.908496;0.681032;0.961127;0.702441;0.914549;0.687971;0.99893;0.696596;0.90659;0.683383;0.992878;0.688341;0.895078;0.677468;0.957;0.679793;0.883323;0.674596;0.930891
0.451222;0.225189;1.84647e-39;6.59746e-39;3.76296e-39;6.80317e-39;5.29374e-39;6.39175e-39;7.6984e-39;6.42604e-39;6.55935e-39;5.45748e-39;9.01825e-39;5.89461e-39;6.52319e-39;5.1832e-39;1.01332e-38;6.46032e-39;6.42676e-39;5.0632e-39;8.57227e-39;7.23174e-39;6.31828e-39;5.02034e-39;7.83099e-39;7.12888e-39
