face_x;face_y;landmark_x_1;landmark_y_1;landmark_x_2;landmark_y_2;landmark_x_3;landmark_y_3;landmark_x_4;landmark_y_4;landmark_x_5;landmark_y_5;landmark_x_6;landmark_y_6;landmark_x_7;landmark_y_7;landmark_x_8;landmark_y_8;landmark_x_9;landmark_y_9;landmark_x_10;landmark_y_10;landmark_x_11;landmark_y_11;landmark_x_12;landmark_y_12
0.483282;0.279686;0.164342;0.899821;0.209887;0.841991;0.224385;0.767963;0.16716;0.710215;0.137194;0.704156;0.10318;0.643345;0.107632;0.738979;0.105442;0.710231;0.0929452;0.778853;0.145417;0.807713;0.0865314;0.813586;0.125057;0.845014
0.478936;0.280891;0.186537;0.828706;0.233252;0.779756;0.242729;0.702786;0.181053;0.615703;0.200406;0.633835;0.182169;0.556213;0.166696;0.648533;0.142661;0.589298;0.141862;0.679568;0.185734;0.73206;0.127894;0.714667;0.16874;0.766134
0.475903;0.273855;0.234431;0.721181;0.273876;0.677685;0.280879;0.622589;0.229412;0.53615;0.259989;0.527484;0.252464;0.406543;0.221644;0.539923;0.174052;0.444929;0.193601;0.573353;0.227515;0.641324;0.176945;0.615761;0.210981;0.671785
0.476866;0.270713;0.255974;0.700392;0.293216;0.648299;0.297709;0.576207;0.246907;0.482845;0.281683;0.496735;0.285365;0.337261;0.243567;0.50804;0.206248;0.359219;0.214287;0.540781;0.247469;0.596917;0.194682;0.578424;0.231176;0.62772
0.478604;0.275496;0.273898;0.64981;0.306738;0.613168;0.311222;0.546214;0.262155;0.450287;0.30506;0.467213;0.319443;0.291817;0.26843;0.479896;0.220958;0.300248;0.240184;0.512569;0.26778;0.559529;0.219753;0.549591;0.251954;0.580398
0.484607;0.251401;0.527033;0.629734;0.578708;0.574884;0.598365;0.520571;0.59675;0.45639;0.598276;0.420777;0.635277;0.209032;0.566381;0.399721;0.554154;0.185346;0.534627;0.402491;0.5238;0.362451;0.505923;0.418959;0.503648;0.400509
