face_x;face_y;landmark_x_1;landmark_y_1;landmark_x_2;landmark_y_2;landmark_x_3;landmark_y_3;landmark_x_4;landmark_y_4;landmark_x_5;landmark_y_5;landmark_x_6;landmark_y_6;landmark_x_7;landmark_y_7;landmark_x_8;landmark_y_8;landmark_x_9;landmark_y_9;landmark_x_10;landmark_y_10;landmark_x_11;landmark_y_11;landmark_x_12;landmark_y_12
0.476475;0.237377;0.276895;0.892381;0.2561;0.86785;0.24271;0.853643;0.229775;0.824427;0.248241;0.892459;0.229845;0.852425;0.264179;0.905674;0.253204;0.868599;0.28019;0.912088;0.276036;0.872739;0.296369;0.913913;0.301096;0.883703
0.473535;0.253756;0.307577;0.80398;0.285646;0.78664;0.273396;0.780409;0.26256;0.762419;0.29129;0.81421;0.279015;0.781964;0.3015;0.826967;0.277379;0.79682;0.307368;0.834992;0.285763;0.810655;0.311399;0.843794;0.289977;0.818688
0.471298;0.261895;0.721857;0.78582;0.737034;0.75746;0.738772;0.736249;0.735254;0.712132;0.734313;0.714176;0.745205;0.627658;0.732766;0.719497;0.749737;0.655228;0.729325;0.73009;0.72865;0.727277;0.724199;0.744724;0.729277;0.742663
0.464366;0.264909;0.451482;0.699408;0.481138;0.692533;0.498215;0.664281;0.507406;0.609079;0.490038;0.613919;0.500573;0.538572;0.471349;0.607476;0.483838;0.618143;0.455572;0.613057;0.467939;0.646459;0.443158;0.622792;0.456306;0.650091
0.457938;0.264638;0.71995;0.81115;0.694853;0.84331;0.684445;0.863042;0.671152;0.868297;0.726436;0.881159;0.693676;0.855842;0.740142;0.860241;0.695725;0.83873;0.744865;0.836701;0.698682;0.805538;0.745002;0.812255;0.705745;0.781807
0.465232;0.262246;0.731391;0.816673;0.710683;0.817884;0.691852;0.837033;0.666003;0.859229;0.701725;0.875503;0.673971;0.8919;0.713841;0.879299;0.680258;0.896327;0.723676;0.876113;0.692847;0.884735;0.733062;0.870312;0.702971;0.884774
0.465005;0.243701;0.715176;0.840366;0.69592;0.858767;0.691588;0.887441;0.690154;0.935577;0.708089;0.89561;0.705829;0.977226;0.719291;0.89365;0.718191;0.980881;0.727491;0.889179;0.723077;0.963084;0.733474;0.88441;0.728378;0.940733
