face_x;face_y;landmark_x_1;landmark_y_1;landmark_x_2;landmark_y_2;landmark_x_3;landmark_y_3;landmark_x_4;landmark_y_4;landmark_x_5;landmark_y_5;landmark_x_6;landmark_y_6;landmark_x_7;landmark_y_7;landmark_x_8;landmark_y_8;landmark_x_9;landmark_y_9;landmark_x_10;landmark_y_10;landmark_x_11;landmark_y_11;landmark_x_12;landmark_y_12
0.491945;0.377241;0.745744;1.06499;0.701711;1.03002;0.681815;0.96156;0.70012;0.862541;0.68091;0.945433;0.668308;0.730213;0.717399;0.938715;0.738078;0.710556;0.749066;0.938944;0.746749;0.892657;0.773826;0.942987;0.73731;0.959657
0.490099;0.376787;0.752425;1.03097;0.689925;1.00683;0.66728;0.968156;0.679304;0.922653;0.679736;0.889866;0.663541;0.665019;0.721631;0.892111;0.734854;0.678055;0.756458;0.909067;0.703973;0.944934;0.77964;0.937268;0.714133;0.987553
0.490549;0.381981;0.724755;0.974045;0.6884;0.93624;0.673805;0.896842;0.673233;0.90428;0.691489;0.836581;0.690569;0.635158;0.704798;0.857459;0.683718;0.686587;0.712457;0.891802;0.690182;0.970698;0.717436;0.933116;0.694015;0.996265
0.501621;0.384109;0.388271;0.950642;0.442215;0.896515;0.462999;0.832782;0.440303;0.7586;0.453545;0.708785;0.497934;0.545617;0.420215;0.700997;0.403371;0.485101;0.392075;0.722478;0.444031;0.749322;0.368698;0.758357;0.435026;0.776089
0.499264;0.385487;0.405641;0.909771;0.45025;0.88219;0.474733;0.826722;0.464501;0.751155;0.461973;0.724744;0.500667;0.551051;0.42971;0.717616;0.423625;0.486884;0.401107;0.736348;0.451342;0.752222;0.376416;0.766707;0.432134;0.776794
0.506618;0.382535;0.347961;0.986188;0.319575;0.880605;0.335656;0.804403;0.37913;0.727403;0.349622;0.766896;0.401564;0.526783;0.390647;0.788822;0.482544;0.552378;0.429359;0.817128;0.465607;0.661538;0.458698;0.841271;0.488311;0.698107
0.494906;0.392009;0.348617;1.21081;0.30401;1.11511;0.306453;1.02754;0.346845;0.904733;0.306439;0.961075;0.359613;0.883917;0.338164;0.96533;0.376308;0.904467;0.368093;0.983293;0.385133;0.93244;0.393891;1.00814;0.394355;0.953714
