face_x;face_y;landmark_x_1;landmark_y_1;landmark_x_2;landmark_y_2;landmark_x_3;landmark_y_3;landmark_x_4;landmark_y_4;landmark_x_5;landmark_y_5;landmark_x_6;landmark_y_6;landmark_x_7;landmark_y_7;landmark_x_8;landmark_y_8;landmark_x_9;landmark_y_9;landmark_x_10;landmark_y_10;landmark_x_11;landmark_y_11;landmark_x_12;landmark_y_12
0.470365;0.217948;0.733423;0.972796;0.751209;0.951998;0.772999;0.951583;0.797456;0.982029;0.792456;0.972547;0.828627;0.990083;0.790385;0.989032;0.816052;1.00037;0.784183;1.00105;0.789872;0.995193;0.776551;1.00748;0.77916;0.99623
0.449292;0.283137;0.342455;0.731539;0.335741;0.729529;0.329596;0.737979;0.323812;0.74772;0.318177;0.76401;0.299985;0.801132;0.320043;0.767728;0.303732;0.808506;0.323573;0.76882;0.30881;0.80562;0.328308;0.767564;0.318014;0.794164
0.451294;0.285677;0.598961;0.621771;0.583397;0.610824;0.570499;0.600961;0.555391;0.6083;0.582639;0.571603;0.551448;0.570398;0.590175;0.570869;0.555221;0.576727;0.595988;0.57791;0.560503;0.588934;0.598982;0.587533;0.569471;0.5945
0.458587;0.277441;0.705033;0.809596;0.692855;0.84362;0.686035;0.87166;0.674827;0.910624;0.706888;0.912645;0.661772;0.926638;0.710342;0.912654;0.652514;0.919161;0.707668;0.902908;0.650035;0.908515;0.704677;0.887498;0.662059;0.899701
0.456432;0.260838;0.708697;0.841694;0.694366;0.871016;0.686026;0.912201;0.66823;0.979294;0.709331;0.962711;0.637424;0.977023;0.707165;0.970006;0.630608;0.959257;0.699898;0.971752;0.637477;0.953325;0.695223;0.972692;0.649014;0.959947
0.453111;0.250046;0.700517;0.837868;0.689333;0.883943;0.685865;0.928956;0.682971;0.995251;0.712121;0.966625;0.677916;1.00518;0.712482;0.957732;0.676208;0.987994;0.707938;0.947058;0.676958;0.968959;0.702627;0.938771;0.679184;0.962729
0.459455;0.244525;0.698139;0.84035;0.691939;0.901199;0.692443;0.947234;0.690542;1.00697;0.717;0.966623;0.701776;1.00668;0.71746;0.958031;0.699737;0.997038;0.712306;0.946374;0.696466;0.971108;0.704237;0.934913;0.693483;0.958806
