face_x;face_y;landmark_x_1;landmark_y_1;landmark_x_2;landmark_y_2;landmark_x_3;landmark_y_3;landmark_x_4;landmark_y_4;landmark_x_5;landmark_y_5;landmark_x_6;landmark_y_6;landmark_x_7;landmark_y_7;landmark_x_8;landmark_y_8;landmark_x_9;landmark_y_9;landmark_x_10;landmark_y_10;landmark_x_11;landmark_y_11;landmark_x_12;landmark_y_12
0.441199;0.200074;0.767086;0.849275;0.754717;0.881106;0.759997;0.907669;0.790875;0.927652;0.812447;0.862915;0.833194;0.90532;0.836239;0.847274;0.855049;0.89745;0.852683;0.839216;0.86948;0.888437;0.862309;0.835671;0.877258;0.881168
0.447614;0.212009;0.759153;0.84785;0.787991;0.833038;0.814597;0.81595;0.862252;0.805568;0.826592;0.828914;0.826457;0.834762;0.810725;0.855995;0.801253;0.862451;0.792211;0.883476;0.77381;0.877261;0.774947;0.905703;0.754172;0.894041
0.445115;0.204542;0.261867;0.791636;0.266685;0.722836;0.266662;0.672447;0.26283;0.598473;0.274926;0.714353;0.284623;0.61695;0.275371;0.762184;0.268376;0.683024;0.27391;0.807451;0.256742;0.748892;0.271627;0.84907;0.252877;0.814538
0.453756;0.272601;0.399609;0.577449;0.436162;0.542196;0.456077;0.505662;0.457765;0.448344;0.440018;0.436031;0.442808;0.323392;0.421084;0.429441;0.43303;0.29828;0.403695;0.439419;0.439632;0.452806;0.392346;0.459996;0.431085;0.496154
0.456586;0.230441;0.454879;0.643855;0.477975;0.63359;0.485974;0.617552;0.494782;0.585078;0.480372;0.576165;0.493092;0.502086;0.469257;0.570737;0.481441;0.499494;0.459292;0.571635;0.463474;0.535168;0.45127;0.57563;0.459176;0.53601
0.456017;0.218008;0.705005;0.772583;0.692917;0.806074;0.685727;0.833609;0.674443;0.873062;0.716534;0.878809;0.688075;0.90679;0.724035;0.875901;0.686349;0.904532;0.726103;0.869433;0.692877;0.894522;0.727118;0.860626;0.702878;0.890259
0.456027;0.211831;0.712777;0.824588;0.691271;0.863791;0.684513;0.913043;0.687473;0.979864;0.700213;0.940044;0.695259;1.0159;0.715557;0.93299;0.705633;1.00432;0.727749;0.921448;0.715102;0.988177;0.737858;0.905494;0.7234;0.961352
0.456795;0.175972;0.507162;0.448323;0.52045;0.39273;0.517678;0.343266;0.518649;0.284066;0.495485;0.355677;0.506837;0.276463;0.495847;0.364529;0.510348;0.287178;0.49942;0.374321;0.518031;0.304042;0.50484;0.383177;0.51147;0.320338
