face_x;face_y;landmark_x_1;landmark_y_1;landmark_x_2;landmark_y_2;landmark_x_3;landmark_y_3;landmark_x_4;landmark_y_4;landmark_x_5;landmark_y_5;landmark_x_6;landmark_y_6;landmark_x_7;landmark_y_7;landmark_x_8;landmark_y_8;landmark_x_9;landmark_y_9;landmark_x_10;landmark_y_10;landmark_x_11;landmark_y_11;landmark_x_12;landmark_y_12;landmark_x_13;landmark_y_13;landmark_x_14;landmark_y_14;landmark_x_15;landmark_y_15;landmark_x_16;landmark_y_16;landmark_x_17;landmark_y_17;landmark_x_18;landmark_y_18;landmark_x_19;landmark_y_19;landmark_x_20;landmark_y_20;landmark_x_21;landmark_y_21;landmark_x_22;landmark_y_22;landmark_x_23;landmark_y_23;landmark_x_24;landmark_y_24;landmark_x_25;landmark_y_25;landmark_x_26;landmark_y_26;landmark_x_27;landmark_y_27;landmark_x_28;landmark_y_28;landmark_x_29;landmark_y_29;landmark_x_30;landmark_y_30;landmark_x_31;landmark_y_31;landmark_x_32;landmark_y_32;landmark_x_33;landmark_y_33;landmark_x_34;landmark_y_34;landmark_x_35;landmark_y_35;landmark_x_36;landmark_y_36;landmark_x_37;landmark_y_37;landmark_x_38;landmark_y_38;landmark_x_39;landmark_y_39;landmark_x_40;landmark_y_40;landmark_x_41;landmark_y_41;landmark_x_42;landmark_y_42
0.443818;0.316471;0.339999;0.713172;0.37392;0.740909;0.391085;0.757459;0.400559;0.781451;0.40693;0.807361;0.395474;0.677929;0.406288;0.728227;0.405206;0.759527;0.403436;0.766189;0.362587;0.672953;0.371863;0.704225;0.367813;0.726474;0.36259;0.731472;0.332054;0.675565;0.339872;0.711855;0.341756;0.722946;0.34135;0.720531;0.303313;0.683133;0.305691;0.710908;0.308397;0.717491;0.308859;0.716664
0.444573;0.316406;0.341611;0.705071;0.370634;0.727107;0.391208;0.741701;0.409152;0.773197;0.421205;0.800098;0.393632;0.66013;0.410387;0.704532;0.415877;0.736965;0.422329;0.750249;0.358542;0.657872;0.378943;0.706823;0.384272;0.753286;0.383959;0.768527;0.324656;0.665979;0.343518;0.718788;0.351604;0.744745;0.353547;0.748588;0.292598;0.678973;0.305062;0.716326;0.312555;0.736509;0.314818;0.745081
0.446527;0.317165;0.31924;0.727197;0.354836;0.742514;0.379512;0.747862;0.398779;0.764017;0.414148;0.786848;0.381142;0.662802;0.398482;0.66262;0.416661;0.66231;0.431223;0.667194;0.352766;0.656213;0.373964;0.672674;0.399507;0.706608;0.414532;0.736497;0.325076;0.662508;0.344;0.685535;0.365595;0.717107;0.376581;0.743627;0.299227;0.676732;0.310537;0.689053;0.329945;0.710938;0.342832;0.731367
