face_x;face_y;landmark_x_1;landmark_y_1;landmark_x_2;landmark_y_2;landmark_x_3;landmark_y_3;landmark_x_4;landmark_y_4;landmark_x_5;landmark_y_5;landmark_x_6;landmark_y_6;landmark_x_7;landmark_y_7;landmark_x_8;landmark_y_8;landmark_x_9;landmark_y_9;landmark_x_10;landmark_y_10;landmark_x_11;landmark_y_11;landmark_x_12;landmark_y_12;landmark_x_13;landmark_y_13;landmark_x_14;landmark_y_14;landmark_x_15;landmark_y_15;landmark_x_16;landmark_y_16;landmark_x_17;landmark_y_17;landmark_x_18;landmark_y_18;landmark_x_19;landmark_y_19;landmark_x_20;landmark_y_20;landmark_x_21;landmark_y_21;landmark_x_22;landmark_y_22;landmark_x_23;landmark_y_23;landmark_x_24;landmark_y_24;landmark_x_25;landmark_y_25;landmark_x_26;landmark_y_26;landmark_x_27;landmark_y_27;landmark_x_28;landmark_y_28;landmark_x_29;landmark_y_29;landmark_x_30;landmark_y_30;landmark_x_31;landmark_y_31;landmark_x_32;landmark_y_32;landmark_x_33;landmark_y_33;landmark_x_34;landmark_y_34;landmark_x_35;landmark_y_35;landmark_x_36;landmark_y_36;landmark_x_37;landmark_y_37;landmark_x_38;landmark_y_38;landmark_x_39;landmark_y_39;landmark_x_40;landmark_y_40;landmark_x_41;landmark_y_41;landmark_x_42;landmark_y_42
0.491408;0.424002;0.727587;0.721227;0.682482;0.68895;0.654187;0.675548;0.626909;0.672618;0.606958;0.674332;0.667728;0.645562;0.636592;0.663849;0.619027;0.694206;0.606192;0.715245;0.692844;0.65265;0.648818;0.690616;0.62971;0.731947;0.61869;0.767956;0.71671;0.67554;0.678453;0.737468;0.657395;0.780716;0.646531;0.813559;0.738685;0.711331;0.711749;0.753648;0.691005;0.781044;0.676338;0.799245
0.483304;0.426754;0.745994;0.742149;0.706278;0.72955;0.671122;0.715599;0.640692;0.715035;0.622558;0.716738;0.681017;0.674592;0.652846;0.681338;0.640568;0.694193;0.623859;0.699513;0.70624;0.675302;0.66342;0.725515;0.650784;0.751098;0.642273;0.769293;0.733277;0.691321;0.698548;0.748246;0.678528;0.772855;0.667381;0.790767;0.760114;0.72169;0.741204;0.770896;0.726578;0.790558;0.716476;0.802176
0.483357;0.425453;0.751387;0.743941;0.695834;0.748193;0.662914;0.733853;0.633705;0.72812;0.615554;0.741887;0.669779;0.673798;0.624494;0.677011;0.596028;0.691757;0.572887;0.705677;0.69551;0.672195;0.648124;0.696315;0.618713;0.739722;0.600902;0.779685;0.723925;0.687424;0.689254;0.729358;0.656025;0.781055;0.635072;0.821924;0.751193;0.714632;0.735197;0.763489;0.713245;0.801016;0.692654;0.826224
