face_x;face_y;landmark_x_1;landmark_y_1;landmark_x_2;landmark_y_2;landmark_x_3;landmark_y_3;landmark_x_4;landmark_y_4;landmark_x_5;landmark_y_5;landmark_x_6;landmark_y_6;landmark_x_7;landmark_y_7;landmark_x_8;landmark_y_8;landmark_x_9;landmark_y_9;landmark_x_10;landmark_y_10;landmark_x_11;landmark_y_11;landmark_x_12;landmark_y_12;landmark_x_13;landmark_y_13;landmark_x_14;landmark_y_14;landmark_x_15;landmark_y_15;landmark_x_16;landmark_y_16;landmark_x_17;landmark_y_17;landmark_x_18;landmark_y_18;landmark_x_19;landmark_y_19;landmark_x_20;landmark_y_20;landmark_x_21;landmark_y_21;landmark_x_22;landmark_y_22;landmark_x_23;landmark_y_23;landmark_x_24;landmark_y_24;landmark_x_25;landmark_y_25;landmark_x_26;landmark_y_26;landmark_x_27;landmark_y_27;landmark_x_28;landmark_y_28;landmark_x_29;landmark_y_29;landmark_x_30;landmark_y_30;landmark_x_31;landmark_y_31;landmark_x_32;landmark_y_32;landmark_x_33;landmark_y_33;landmark_x_34;landmark_y_34;landmark_x_35;landmark_y_35;landmark_x_36;landmark_y_36;landmark_x_37;landmark_y_37;landmark_x_38;landmark_y_38;landmark_x_39;landmark_y_39;landmark_x_40;landmark_y_40;landmark_x_41;landmark_y_41;landmark_x_42;landmark_y_42
0.478673;0.359972;0.332744;0.777004;0.379118;0.783386;0.414597;0.80273;0.438533;0.833151;0.438039;0.850232;0.414542;0.675443;0.43455;0.673565;0.430775;0.704953;0.428209;0.724605;0.380121;0.663201;0.399437;0.691994;0.402666;0.737712;0.407893;0.748816;0.343214;0.673079;0.358209;0.707685;0.368242;0.754648;0.377968;0.768093;0.308458;0.694181;0.318907;0.72581;0.327868;0.760145;0.335789;0.770442
0.478531;0.360096;0.338318;0.79332;0.369072;0.803765;0.405305;0.809653;0.434751;0.810336;0.439699;0.818239;0.397808;0.732445;0.425277;0.698011;0.422125;0.724224;0.411874;0.755157;0.371057;0.707796;0.386319;0.662531;0.385466;0.698279;0.383451;0.735384;0.342064;0.705882;0.347217;0.664967;0.350159;0.696906;0.354304;0.732406;0.311962;0.716958;0.304219;0.696768;0.306684;0.717948;0.318006;0.747179
0.47933;0.357844;0.333012;0.814425;0.370544;0.823879;0.412387;0.820911;0.441348;0.836391;0.442038;0.864661;0.401126;0.718261;0.427524;0.682781;0.44292;0.719934;0.447346;0.757707;0.363263;0.717609;0.379712;0.686135;0.390927;0.741095;0.396986;0.782518;0.330103;0.734201;0.33786;0.701754;0.352941;0.750476;0.368056;0.791791;0.30008;0.754613;0.29346;0.735214;0.305154;0.759075;0.323979;0.786378
